name,developer,location,min_price,max_price,avg_price,min_area,max_area,avg_area,min_bedrooms,max_bedrooms,delivery_year,project_url,unit_count,price_range
Kynd Residence,Melee Developments,North Coast,14750004,25000010,17151972.789473683,38,38,38.0,1,1,2025.0,https://www.propertyhub.site/properties/projects/08efdr17kmke95y2f1b9?page=1,19,"14,750,004 - 25,000,010"
Celebration West beach,Amer Group,North Coast,5493000,7263000,6378000.0,51,75,63.0,1,2,2025.0,https://www.propertyhub.site/properties/projects/08he4lr9n4wun38rfsyx?page=1,2,"5,493,000 - 7,263,000"
JIRAN,A plus  Developer,6th Of October,2500000,7000000,4675000.0,66,181,121.25,1,4,2025.0,https://www.propertyhub.site/properties/projects/0bb6u2cwggealw0dbya5?page=1,4,"2,500,000 - 7,000,000"
Palm East,TG Developments,New Cairo,4517250,21016975,9794971.0,72,330,137.52,1,5,2025.0,https://www.propertyhub.site/properties/projects/0gu6dgeb40xecs97l45s?page=1,25,"4,517,250 - 21,016,975"
T pearl,torec,6th Of October,16507200,37131266,21943859.777777776,3,96,46.5,4,7,2025.0,https://www.propertyhub.site/properties/projects/0jwk8bn1ms6ahe40yq6r?page=1,18,"16,507,200 - 37,131,266"
Solay,Living Yard,New Cairo,16537500,40063358,26299092.4,5,167,94.8,2,4,2025.0,https://www.propertyhub.site/properties/projects/0l1yd32ju2kgidfbh5vp?page=1,5,"16,537,500 - 40,063,358"
La maison,Somow,6th Of October,10170000,10170000,10170000.0,247,247,247.0,4,4,2025.0,https://www.propertyhub.site/properties/projects/0lc9i90fk8rb17lkzrdf?page=1,1,"10,170,000 - 10,170,000"
SQ1,HDP,New Cairo,10685220,39102000,23005999.43902439,72,245,149.85365853658536,1,4,2025.0,https://www.propertyhub.site/properties/projects/0lsju94g5lknvk9hanjq?page=1,41,"10,685,220 - 39,102,000"
FLW,ZG Developments,6th Of October,2152000,3650000,3066980.0,68,132,104.4,1,3,2025.0,https://www.propertyhub.site/properties/projects/0scpg7msuug0lewg10se?page=1,5,"2,152,000 - 3,650,000"
solimar green 4,solimar,6th Of October,8888888,8888888,8888888.0,334,334,334.0,3,3,2025.0,https://www.propertyhub.site/properties/projects/12ggoqz6b9a33ubpwvz8?page=1,1,"8,888,888 - 8,888,888"
Orla Residence,I capital,New Cairo,5570220,12922250,10214102.0,86,185,151.0,1,3,2025.0,https://www.propertyhub.site/properties/projects/13s9qc8tlya9v0qc3pdc?page=1,5,"5,570,220 - 12,922,250"
Hope,معمار الاشراف,New Cairo,4749156,14105170,7876575.71875,83,244,129.875,1,4,2025.0,https://www.propertyhub.site/properties/projects/14omxm0hyxrazm0mv93v?page=1,96,"4,749,156 - 14,105,170"
At East,Al Ahly Sabbour,El Mostakbal City,23614800,61327200,32114303.57142857,165,303,182.1696428571429,3,6,2025.0,https://www.propertyhub.site/properties/projects/15uci80xpnchkqxmy0jw?page=1,112,"23,614,800 - 61,327,200"
Silvia Compound,TE Developments,New Cairo,5715000,10835000,8618163.157894736,127,236,187.8947368421053,2,4,2025.0,https://www.propertyhub.site/properties/projects/16hqjya4r2lmqvbdywnb?page=1,19,"5,715,000 - 10,835,000"
ION,Prime,New Capital,5574344,13071499,8479289.75,128,351,212.75,2,4,2025.0,https://www.propertyhub.site/properties/projects/1dpadbf3e96xs1v9ntq7?page=1,12,"5,574,344 - 13,071,499"
Patio Town,La Vista,New Cairo,31000000,72000000,44133333.333333336,215,341,257.5,3,5,2025.0,https://www.propertyhub.site/properties/projects/1erxf5xmlgf4atbpb3p3?page=1,6,"31,000,000 - 72,000,000"
Promenade,Wadi Degla,New Cairo,14382820,14382820,14382820.0,225,225,225.0,3,3,2025.0,https://www.propertyhub.site/properties/projects/1ipvfauqccw07082blir?page=1,1,"14,382,820 - 14,382,820"
KINZ,Madaar,,12380000,44109000,21379400.0,127,304,187.15,2,5,2025.0,https://www.propertyhub.site/properties/projects/1o8cjqwi4p582v10rwg2?page=1,20,"12,380,000 - 44,109,000"
Garnet,Jadeer,New Cairo,6072570,30274532,15117331.333333334,68,321,166.55555555555554,1,4,2025.0,https://www.propertyhub.site/properties/projects/1oy6dqvft5psmc0dnmfk?page=1,9,"6,072,570 - 30,274,532"
SwanLake West,Hassan Allam,6th Of October,29100000,126300000,65468750.0,150,606,310.25,2,5,2025.0,https://www.propertyhub.site/properties/projects/1qkzq8jlf4671kg4z3sc?page=1,16,"29,100,000 - 126,300,000"
Vaha,Alkarma,,24336000,54135000,33119000.0,236,334,263.5,4,7,2025.0,https://www.propertyhub.site/properties/projects/1rps0ay30068seh20tsv?page=1,4,"24,336,000 - 54,135,000"
Delta Crystals,Delta Crystals,North Coast,2738880,33000000,13106689.384615384,45,180,121.15384615384616,0,4,2025.0,https://www.propertyhub.site/properties/projects/1s3jh1ypbgpdj23vn3dl?page=1,13,"2,738,880 - 33,000,000"
PEERAGE RESIDENCE,Al Riyadh Misr,New Cairo,5820000,17280000,10339730.76923077,92,282,160.80769230769232,1,4,2025.0,https://www.propertyhub.site/properties/projects/1w8fb9tvno14e0z7jzrl?page=1,26,"5,820,000 - 17,280,000"
40 Square,Mint,New Capital,4633100,7849100,6206775.0,113,204,148.0,1,4,2025.0,https://www.propertyhub.site/properties/projects/1wlu2wqj5p1niu7w2lr2?page=1,4,"4,633,100 - 7,849,100"
Okardia,FUD development,Elobour City,3160000,9600000,5110928.8,116,370,193.1,2,4,2025.0,https://www.propertyhub.site/properties/projects/1wymwuihm3cngpa4q9jo?page=1,10,"3,160,000 - 9,600,000"
Malibu,Egyptian Engineers,,4232000,5875000,5065400.0,92,125,109.4,2,3,2025.0,https://www.propertyhub.site/properties/projects/1ywbe16g08dmj34hflbd?page=1,5,"4,232,000 - 5,875,000"
Gems,VAI Developments,6th Of October,7917111,13548796,11901830.727272728,176,261,237.45454545454547,3,3,2025.0,https://www.propertyhub.site/properties/projects/25qqcyai39mnqgosljut?page=1,11,"7,917,111 - 13,548,796"
SKY NORTH,Sky Ad,,8400000,148000000,45690000.0,92,330,208.9,1,6,2025.0,https://www.propertyhub.site/properties/projects/2734ps4wxnbj3ziq3gci?page=1,10,"8,400,000 - 148,000,000"
Palencia,K Developments,Elshourok City,3734857,11435552,6638283.53125,86,257,151.15625,1,4,2025.0,https://www.propertyhub.site/properties/projects/281n3u8j4qp1nrepwf9m?page=1,32,"3,734,857 - 11,435,552"
Lusail Residence,Margins,,4127920,17168000,10282501.111111112,70,296,174.66666666666666,1,4,2025.0,https://www.propertyhub.site/properties/projects/29gd2o19edc59wj0onbu?page=1,9,"4,127,920 - 17,168,000"
Rock Vera,Rock,New Cairo,10679590,16113553,13799345.0,153,238,200.42307692307693,3,3,2025.0,https://www.propertyhub.site/properties/projects/29ym4j4h2ryk0h2w1en4?page=1,26,"10,679,590 - 16,113,553"
Address East,Dorra,New Cairo,6100000,8000000,7057142.857142857,121,171,150.14285714285714,2,3,2025.0,https://www.propertyhub.site/properties/projects/29z1yu2dplc687i0bn3f?page=1,7,"6,100,000 - 8,000,000"
Begonia Residence,Menassat,New Cairo,1153000,15886000,6713666.666666667,5,246,97.83333333333331,0,3,2025.0,https://www.propertyhub.site/properties/projects/2gt3cvijo80l20avfqej?page=1,6,"1,153,000 - 15,886,000"
TO-GTHER,Golden View,New Cairo,5517600,16660667,11267566.75,38,134,87.75,0,3,2025.0,https://www.propertyhub.site/properties/projects/2gxc6a9grg9tt2e39ht9?page=1,4,"5,517,600 - 16,660,667"
VALEA,S.G.D,,3948000,10447500,7205333.333333333,84,187,141.66666666666666,1,3,2025.0,https://www.propertyhub.site/properties/projects/2kb4ews8gz7c8f6l0swc?page=1,6,"3,948,000 - 10,447,500"
Parkwoods,Malvern,6th Of October,9600000,14370560,11456853.333333334,253,353,286.3333333333333,3,3,2025.0,https://www.propertyhub.site/properties/projects/2qsumns1f6142f5u2mcj?page=1,3,"9,600,000 - 14,370,560"
kardia,Capital Link,New Capital,6580000,15420000,10721666.666666666,148,348,239.66666666666663,3,5,2025.0,https://www.propertyhub.site/properties/projects/2vjdioco38d7v49l2vo8?page=1,6,"6,580,000 - 15,420,000"
Rivette,Melee Developments,North Coast,9299990,13550000,12267970.88235294,5,93404,20280.970588235294,1,2,2025.0,https://www.propertyhub.site/properties/projects/30srxnil9dnb3zv0n8fl?page=1,34,"9,299,990 - 13,550,000"
Marriott residences Heliopolis,A capital,,9986000,39325000,19614153.846153848,56,198,116.6923076923077,1,3,2025.0,https://www.propertyhub.site/properties/projects/34dn99uehfcns3sk825c?page=1,13,"9,986,000 - 39,325,000"
Rewaya,Siac Developments,Sheikh Zayed City,9900000,19700000,15625000.0,78,222,145.5,1,4,2025.0,https://www.propertyhub.site/properties/projects/34ouru5p1yy9mo4cemqx?page=1,4,"9,900,000 - 19,700,000"
El Patio Sola,La Vista,Elshourok City,12200000,26100000,19750000.0,155,328,232.0,3,5,2025.0,https://www.propertyhub.site/properties/projects/3bst79y4r8hbwce2dh5i?page=1,6,"12,200,000 - 26,100,000"
Mar bay,Al Marasem,North Coast,15300000,94900000,33246666.666666668,98,420,198.4,2,7,2025.0,https://www.propertyhub.site/properties/projects/3n2myfhmg1nxwyn61zx1?page=1,30,"15,300,000 - 94,900,000"
El patio hills,La Vista,New Cairo,23940000,65200000,42330000.0,180,475,291.1428571428572,3,4,2025.0,https://www.propertyhub.site/properties/projects/3pwiou7hg8f7gku4shyd?page=1,7,"23,940,000 - 65,200,000"
Elen,Concrete Development,New Cairo,4763233,13914000,10111290.42857143,100,281,200.57142857142856,2,4,2025.0,https://www.propertyhub.site/properties/projects/3sjjkktf1owt25hnhsn0?page=1,7,"4,763,233 - 13,914,000"
The Novelist,Ghoneim Developments Group,,2550000,6720000,5269250.0,68,140,111.2,0,3,2025.0,https://www.propertyhub.site/properties/projects/3ubbcc3mz2uxtmqwagaa?page=1,10,"2,550,000 - 6,720,000"
marina 8,SED,North Coast,6282000,37880000,15028970.149253732,1,189,64.14179104477611,1,6,2025.0,https://www.propertyhub.site/properties/projects/3w6hmjug2vodgu9e2vku?page=1,134,"6,282,000 - 37,880,000"
avelin,Times,New Cairo,6500000,18100000,13083333.333333334,72,240,163.5,1,4,2025.0,https://www.propertyhub.site/properties/projects/3z6m96bg9pz9p2e4cwaq?page=1,6,"6,500,000 - 18,100,000"
Nile View,Venisia,,3571811,6765456,5358936.176470588,96,165,150.45098039215685,2,3,2025.0,https://www.propertyhub.site/properties/projects/403mrsi26c1nfzcvzkat?page=1,51,"3,571,811 - 6,765,456"
Helio Eye,AFG,,3760000,7260000,5250642.857142857,160,220,186.14285714285717,3,3,2025.0,https://www.propertyhub.site/properties/projects/43n9i24rwjz3zmg2v2j5?page=1,7,"3,760,000 - 7,260,000"
Cattleya,Arabco,New Cairo,8265000,10925000,9595000.0,121,162,141.5,2,3,2025.0,https://www.propertyhub.site/properties/projects/43xq5bx3v4dgj269efs6?page=1,2,"8,265,000 - 10,925,000"
SEQUOIA,Eden Development,North Coast,4287360,14965170,8404200.2,32,136,82.0,0,3,2025.0,https://www.propertyhub.site/properties/projects/466p0z3qog3q8h2mjg8l?page=1,5,"4,287,360 - 14,965,170"
ONS,Mabany Edris,,5600000,38200000,16372727.272727272,76,300,181.54545454545453,1,5,2025.0,https://www.propertyhub.site/properties/projects/46lg1u9jibo74sq55jor?page=1,11,"5,600,000 - 38,200,000"
Green Ville,Hayah Developments,,11028000,13470000,12249000.0,275,307,291.0,3,4,2025.0,https://www.propertyhub.site/properties/projects/4ebv2h9fnac3dqslunwc?page=1,2,"11,028,000 - 13,470,000"
W Gate,Dominick,6th Of October,6750000,7209000,6979500.0,180,180,180.0,3,3,2025.0,https://www.propertyhub.site/properties/projects/4i88dsgwsnmwop1y6dxk?page=1,8,"6,750,000 - 7,209,000"
THERE,LMD,New Cairo,9000000,20000000,14666666.666666666,70,172,118.66666666666669,1,3,2025.0,https://www.propertyhub.site/properties/projects/4tdu3c2wqpncwt0ih4kf?page=1,3,"9,000,000 - 20,000,000"
Capital Heights 1,SUD,New Capital,7808656,24960757,14932323.318181818,156,505,306.27272727272725,2,6,2025.0,https://www.propertyhub.site/properties/projects/500tvf9lduht7tpfuwnu?page=1,22,"7,808,656 - 24,960,757"
Bungalows,Arabia,North Coast,3500640,18000000,8676647.916666666,29,250,110.75,1,3,2025.0,https://www.propertyhub.site/properties/projects/51genlarjpv9giit7fpm?page=1,12,"3,500,640 - 18,000,000"
Patio vera,La Vista,6th Of October,18900000,37750000,26664285.714285716,200,324,230.0,3,5,2025.0,https://www.propertyhub.site/properties/projects/53kykhh6qyt4h29x2k9s?page=1,7,"18,900,000 - 37,750,000"
La Vida,Concrete Plus,6th Of October,20000000,22000000,20826086.95652174,363,376,367.5217391304348,7,7,2025.0,https://www.propertyhub.site/properties/projects/5bkkxzqa45lmk7lnqdy9?page=1,23,"20,000,000 - 22,000,000"
West Woods,Arabia,6th Of October,17640000,27250000,22463333.33333333,210,287,245.66666666666663,3,4,2025.0,https://www.propertyhub.site/properties/projects/5gtkjzgb0kh7en4zlixg?page=1,3,"17,640,000 - 27,250,000"
Greya Compound,Albaron,New Cairo,6068000,7520000,6794600.0,68,91,77.6,0,2,2025.0,https://www.propertyhub.site/properties/projects/64mi29iz9mvbsw4qe9wq?page=1,5,"6,068,000 - 7,520,000"
JAMILA,New Jersey,North Coast,5733000,12519000,8697000.0,60,154,103.66666666666669,1,3,2025.0,https://www.propertyhub.site/properties/projects/655p69sylszk7n7pzabr?page=1,3,"5,733,000 - 12,519,000"
Selena 2,Malvern,6th Of October,14900000,17700000,16166666.666666666,265,405,311.6666666666667,3,3,2025.0,https://www.propertyhub.site/properties/projects/6d2zcgmmc93w4q3zdv9b?page=1,3,"14,900,000 - 17,700,000"
The 101,ELATTAL Holding,El Mostakbal City,4317000,24174000,11987454.545454543,61,185,137.1818181818182,1,4,2025.0,https://www.propertyhub.site/properties/projects/6k6id9iesrhpuvn1xi7j?page=1,11,"4,317,000 - 24,174,000"
patio prime,La Vista,Elshourok City,24700000,42500000,33800000.0,205,292,235.25,3,4,2025.0,https://www.propertyhub.site/properties/projects/6sr1r693l5pmzqz8qazx?page=1,4,"24,700,000 - 42,500,000"
JOYA,JOYA,6th Of October,23991322,45861337,33455634.666666668,225,430,349.1666666666667,3,6,2025.0,https://www.propertyhub.site/properties/projects/6ut0rcjas1ghwjfulkxq?page=1,6,"23,991,322 - 45,861,337"
Porto El Minya,Amer Group,,3670800,55506700,10558569.047619049,66,686,152.1904761904762,1,6,2025.0,https://www.propertyhub.site/properties/projects/6yw5zqlk2e6slvjjuzff?page=1,21,"3,670,800 - 55,506,700"
Amorada ParkView,AFAQ Developments,New Cairo,11000000,11500000,11050000.0,210,220,218.0,3,3,2025.0,https://www.propertyhub.site/properties/projects/6z3tthwhgpcmxs6ay3u1?page=1,10,"11,000,000 - 11,500,000"
Classia,Emkan Developments,,4340000,5952000,5028121.739130435,120,192,158.81739130434784,2,3,2025.0,https://www.propertyhub.site/properties/projects/749jv7dofpit39tyfr8h?page=1,115,"4,340,000 - 5,952,000"
Rosail,khaled Sabry,El Mostakbal City,5000000,14230000,8898793.75,87,205,132.0,2,4,2025.0,https://www.propertyhub.site/properties/projects/7dq8ki1lfvrrxu9iduk5?page=1,8,"5,000,000 - 14,230,000"
Saada boutique,Horizon Egypt,New Cairo,13372748,67349553,28739293.384615384,125,380,220.0,2,7,2025.0,https://www.propertyhub.site/properties/projects/7ga1zbp3h4iq1y3zrypf?page=1,13,"13,372,748 - 67,349,553"
Yamour,Malvern,6th Of October,8216000,18665660,12541282.0,232,538,357.0,3,3,2025.0,https://www.propertyhub.site/properties/projects/7j96gpfp1wd30lj1t1vq?page=1,5,"8,216,000 - 18,665,660"
Reveal,معمار الاشراف,Elobour City,1419803,8718804,5398862.96875,47,207,155.78125,1,3,2025.0,https://www.propertyhub.site/properties/projects/7jm8zmdpfqpl2wbawxvw?page=1,64,"1,419,803 - 8,718,804"
Marville,Al Marasem,,9564000,28088000,20243000.0,96,240,168.0,1,4,2025.0,https://www.propertyhub.site/properties/projects/7o16kx0pui3d9046ybbw?page=1,7,"9,564,000 - 28,088,000"
TRU,UC,New Cairo,6407211,13989877,9952746.375,87,177,131.25,1,3,2025.0,https://www.propertyhub.site/properties/projects/7ozva09p7cqhcueaj4r8?page=1,8,"6,407,211 - 13,989,877"
Parkdale,Malvern,6th Of October,11813450,11813450,11813450.0,263,263,263.0,3,3,2025.0,https://www.propertyhub.site/properties/projects/82aqaf4yfwoqe27pd17h?page=1,1,"11,813,450 - 11,813,450"
Menorca Zayed,Mardev,6th Of October,16000000,26000000,19500000.0,225,333,267.0,4,6,2025.0,https://www.propertyhub.site/properties/projects/82rdyhqbft48fx6g5dus?page=1,4,"16,000,000 - 26,000,000"
Rivali,Samco,New Cairo,13187400,13187400,13187400.0,186,186,186.0,3,3,2025.0,https://www.propertyhub.site/properties/projects/8abnf7jizxv98bkyj3j1?page=1,1,"13,187,400 - 13,187,400"
Monark,Royal,El Mostakbal City,4050000,25630000,12441538.461538462,63,323,199.53846153846155,1,4,2025.0,https://www.propertyhub.site/properties/projects/8b1klzggmbe7bz0zlqch?page=1,13,"4,050,000 - 25,630,000"
Patio Vida,La Vista,,11220000,23720000,16292357.142857144,158,280,189.0,3,4,2025.0,https://www.propertyhub.site/properties/projects/8b50weksr7omc3fb5u4g?page=1,28,"11,220,000 - 23,720,000"
The Island north coast,HDP,North Coast,18975000,29250000,24345000.0,56,90,72.4,1,2,2025.0,https://www.propertyhub.site/properties/projects/8h6gc4oxbsgkw9k8tczn?page=1,5,"18,975,000 - 29,250,000"
Lumia Lagoons,Dubai Misr,New Capital,5856827,18734500,9370203.127388537,134,421,232.9936305732484,2,4,2025.0,https://www.propertyhub.site/properties/projects/8hrk6frozg4r9vqafw7l?page=1,157,"5,856,827 - 18,734,500"
Hyde Park Central,Hyde Park,,6180000,50140000,15736603.773584906,101,427795,28973.849056603773,1,6,2025.0,https://www.propertyhub.site/properties/projects/8jek8t2wwvteqnonpvqz?page=1,53,"6,180,000 - 50,140,000"
elm tree,Elm development,6th Of October,4098000,12515000,8405250.0,65,208,132.75,1,4,2025.0,https://www.propertyhub.site/properties/projects/8k5z1i69rd1udav6fo61?page=1,8,"4,098,000 - 12,515,000"
Riverton,MERCON,New Cairo,5092200,28766913,12176252.833333334,5,291,136.66666666666666,1,4,2025.0,https://www.propertyhub.site/properties/projects/8oqm9koiwpuqyyl5zk2x?page=1,18,"5,092,200 - 28,766,913"
90 Avenue,Tabarak Developments,New Cairo,14822280,45558210,23679829.971428573,136,343,187.5142857142857,2,5,2025.0,https://www.propertyhub.site/properties/projects/90_avenue?page=1,35,"14,822,280 - 45,558,210"
Queen Land,Euphoria Group,,1914000,9643469,4783491.106824926,5,176,117.0,0,3,2025.0,https://www.propertyhub.site/properties/projects/92fqqybvhx2ghzdc0430?page=1,337,"1,914,000 - 9,643,469"
IVOIRE EAST,PRE,New Cairo,13147000,57579000,28154600.0,99,312,212.2,3,5,2025.0,https://www.propertyhub.site/properties/projects/93ux62lypnvbbtojlsh4?page=1,5,"13,147,000 - 57,579,000"
The Islands,EGYGAB,New Capital,6333228,23971161,11139353.923076924,124,248,193.84615384615384,2,4,2025.0,https://www.propertyhub.site/properties/projects/97o167ocnlrlz5wbhtlw?page=1,13,"6,333,228 - 23,971,161"
Vidala,Better House,,5145000,26250000,12768000.0,65,325,161.2,1,4,2025.0,https://www.propertyhub.site/properties/projects/9jmj3zn8c7aznf47sk5m?page=1,10,"5,145,000 - 26,250,000"
Maadi View,AGEC,Elshourok City,5607000,27897595,15345200.21875,4,280,133.75,1,3,2025.0,https://www.propertyhub.site/properties/projects/9k9qjb4xqc3gu8mgsl9a?page=1,32,"5,607,000 - 27,897,595"
Floria 5,four seasons group (FSG),New Capital,11581000,12395000,12047372.093023255,313,335,325.6046511627907,4,4,2025.0,https://www.propertyhub.site/properties/projects/9l1knwlxzbuxembrqoq6?page=1,43,"11,581,000 - 12,395,000"
Nurai,MERCON,New Cairo,6271835,11137666,8893664.96,85,150,116.4,1,3,2025.0,https://www.propertyhub.site/properties/projects/9l7xz57gym2irsp0zos3?page=1,25,"6,271,835 - 11,137,666"
Oro Beach,CASTELLO,,3341800,8701000,5509800.0,46,115,78.54545454545455,0,2,2025.0,https://www.propertyhub.site/properties/projects/9shw5vrdrxuh7jsiyqho?page=1,11,"3,341,800 - 8,701,000"
Palm Island,TG Developments,Elshourok City,3438250,8910000,6052373.684210527,68,202,138.42105263157896,1,4,2025.0,https://www.propertyhub.site/properties/projects/a2acbidbikkgi027nbzr?page=1,19,"3,438,250 - 8,910,000"
Stoda Residence,IL CAZAR,,10400000,19200000,14925000.0,138,242,175.5,2,3,2025.0,https://www.propertyhub.site/properties/projects/a414s9f85anlh3clrdhi?page=1,4,"10,400,000 - 19,200,000"
Calma,Leaders,,4106200,12169300,8594077.227272727,90,289,188.0,1,4,2025.0,https://www.propertyhub.site/properties/projects/a4yimr2u9ur9l4c1ta92?page=1,22,"4,106,200 - 12,169,300"
Galini,Doja,North Coast,3438100,5882590,4868849.0,38,75,55.7,1,2,2025.0,https://www.propertyhub.site/properties/projects/a8v2zn90t7c9tabdzlac?page=1,10,"3,438,100 - 5,882,590"
Glory Gardens,eagle group,Elobour City,2328914,3343870,2741487.833333333,92,127,109.83333333333331,2,3,2025.0,https://www.propertyhub.site/properties/projects/abs9fqhv49zb78f99fhx?page=1,12,"2,328,914 - 3,343,870"
Via,Eagles developments,Sheikh Zayed City,4739598,8517451,6936967.125,94,169,142.375,2,3,2025.0,https://www.propertyhub.site/properties/projects/acq5h2zqzlboneo4oy1l?page=1,8,"4,739,598 - 8,517,451"
Stella DI Mare 1,Remco,,7200000,7200000,7200000.0,140,140,140.0,2,2,2025.0,https://www.propertyhub.site/properties/projects/ag01uslm5vpabm3sd7q0?page=1,1,"7,200,000 - 7,200,000"
Al Alamein Towers,City Edge,North Coast,46300000,75200000,60750000.0,217,316,266.5,2,3,2025.0,https://www.propertyhub.site/properties/projects/al_alamein_towers?page=1,2,"46,300,000 - 75,200,000"
Al burouj,Imkan Misr,,5800000,55500000,20321739.13043478,70,434,220.8695652173913,1,5,2025.0,https://www.propertyhub.site/properties/projects/al_burouj?page=1,23,"5,800,000 - 55,500,000"
Al Maqsad,City Edge,New Capital,6326000,9302000,8216250.0,123,174,155.0,1,3,2025.0,https://www.propertyhub.site/properties/projects/al_maqsad_residence?page=1,12,"6,326,000 - 9,302,000"
Alkarma Kay,Alkarma,Sheikh Zayed City,8560000,30135000,15661101.694915254,62,299,147.6271186440678,1,4,2025.0,https://www.propertyhub.site/properties/projects/alkarma_kay?page=1,59,"8,560,000 - 30,135,000"
Allegria,Sodic,Sheikh Zayed City,46069000,46069000,46069000.0,200,200,200.0,4,4,2025.0,https://www.propertyhub.site/properties/projects/allegria?page=1,1,"46,069,000 - 46,069,000"
Alma,Iwan,Sheikh Zayed City,26000000,42000000,34000000.0,240,320,280.0,4,4,2025.0,https://www.propertyhub.site/properties/projects/alma?page=1,2,"26,000,000 - 42,000,000"
La Colina west,Capital Hills,Sheikh Zayed City,7371000,14490000,10317065.625,108,219,160.0,2,3,2025.0,https://www.propertyhub.site/properties/projects/alpy8c24uu38cs38ko2u?page=1,16,"7,371,000 - 14,490,000"
Amorada,AFAQ Developments,New Cairo,8000000,13000000,10600000.0,166,191,181.0,2,3,2025.0,https://www.propertyhub.site/properties/projects/amorada?page=1,5,"8,000,000 - 13,000,000"
Elite west,TAJ,Sheikh Zayed City,8632000,13375000,10402975.0,164,251,199.08333333333331,3,4,2025.0,https://www.propertyhub.site/properties/projects/apvibg2926k155nxf0jp?page=1,12,"8,632,000 - 13,375,000"
Armonia,TLD-The Land Developers,New Capital,4009949,11877849,8172995.153846154,76,224,158.53846153846155,1,4,2025.0,https://www.propertyhub.site/properties/projects/armonia?page=1,13,"4,009,949 - 11,877,849"
Aroma,Aroma,,5292500,13650000,8330531.25,50,155,90.0,0,3,2025.0,https://www.propertyhub.site/properties/projects/aroma?page=1,8,"5,292,500 - 13,650,000"
Ashgar City,IGI,6th Of October,4832000,10325000,7618225.0,72,170,121.725,1,4,2025.0,https://www.propertyhub.site/properties/projects/ashgar_city?page=1,40,"4,832,000 - 10,325,000"
Atika,New Plan,New Capital,9505000,13140000,11364000.0,141,191,165.5,3,3,2025.0,https://www.propertyhub.site/properties/projects/atika?page=1,6,"9,505,000 - 13,140,000"
Azad,Tameer,New Cairo,18349800,42011306,27021345.444444444,140,406,240.55555555555557,2,5,2025.0,https://www.propertyhub.site/properties/projects/azad?page=1,18,"18,349,800 - 42,011,306"
Azha Elsokhna,Madaar,,24776000,41087520,37999696.66666666,148,312,284.6666666666667,2,6,2025.0,https://www.propertyhub.site/properties/projects/azha?page=1,6,"24,776,000 - 41,087,520"
Azha North Coast,Madaar,North Coast,15682000,78099000,25902872.727272727,98,322,160.5090909090909,1,5,2025.0,https://www.propertyhub.site/properties/projects/azha_north_coast?page=1,55,"15,682,000 - 78,099,000"
Azzar New Cairo,Reedy Group,New Cairo,3900000,44000000,20723076.923076924,42,487,198.46153846153845,0,9,2025.0,https://www.propertyhub.site/properties/projects/azzar_1?page=1,13,"3,900,000 - 44,000,000"
Azzar Infinity,Reedy Group,New Cairo,18000000,22000000,20000000.0,225,225,225.0,4,4,2025.0,https://www.propertyhub.site/properties/projects/azzar_2?page=1,2,"18,000,000 - 22,000,000"
Palm Capital,TG Developments,Elshourok City,4630000,11620000,6806000.0,122,340,190.8181818181818,2,6,2025.0,https://www.propertyhub.site/properties/projects/b44gnrnddtotznq9ajru?page=1,11,"4,630,000 - 11,620,000"
Kattameya Gate,Meamar Al Morshedy,,2412300,8751600,5221307.142857143,39,156,92.78571428571428,0,3,2025.0,https://www.propertyhub.site/properties/projects/b7qna2d8lrddu0no6gvi?page=1,14,"2,412,300 - 8,751,600"
Badya,Palm Hills,6th Of October,6339300,53357000,18566862.316532254,1,466,96.6975806451613,1,8,2025.0,https://www.propertyhub.site/properties/projects/badya?page=1,496,"6,339,300 - 53,357,000"
Lumia Residence,Dubai Misr,New Capital,4852125,12700208,7256983.434782608,94,234,142.47826086956522,2,3,2025.0,https://www.propertyhub.site/properties/projects/bauef1j07ryrhtwqaykh?page=1,23,"4,852,125 - 12,700,208"
Baymount,Maven,,6357000,18923000,9904166.666666666,52,145,85.0,0,3,2025.0,https://www.propertyhub.site/properties/projects/baymount?page=1,6,"6,357,000 - 18,923,000"
Bella Romance,Manara Development,,4076000,7200000,5695000.0,60,120,90.625,2,3,2025.0,https://www.propertyhub.site/properties/projects/bella_romance?page=1,8,"4,076,000 - 7,200,000"
Bella Vento Galala,Manara Development,,5016000,10776000,7602583.333333333,60,130,96.66666666666669,1,3,2025.0,https://www.propertyhub.site/properties/projects/bella_vento_el_galala?page=1,12,"5,016,000 - 10,776,000"
Belva,karnak,Sheikh Zayed City,3811332,13776670,7383229.972826087,86,94875,658.054347826087,1,3,2025.0,https://www.propertyhub.site/properties/projects/berqmz9bl4vz9lf1jwaz?page=1,184,"3,811,332 - 13,776,670"
Beta Greens,Beta Egypt,El Mostakbal City,7570000,14100000,10060000.0,79,163,126.25,1,3,2025.0,https://www.propertyhub.site/properties/projects/beta_greens?page=1,8,"7,570,000 - 14,100,000"
Bianchi Ilios,Developer ABM,North Coast,5870592,31486000,14653518.2,36,254,127.06666666666666,0,5,2025.0,https://www.propertyhub.site/properties/projects/bianchi?page=1,15,"5,870,592 - 31,486,000"
bloomfields,Tatweer Misr,El Mostakbal City,5732000,49043000,15524959.45945946,74,333,188.75225225225225,1,7,2025.0,https://www.propertyhub.site/properties/projects/bloomfields?page=1,222,"5,732,000 - 49,043,000"
Blue Blue,MG development,,6750000,9311000,8172000.0,81,125,105.33333333333331,1,3,2025.0,https://www.propertyhub.site/properties/projects/blue_blue?page=1,3,"6,750,000 - 9,311,000"
Blue Tree,Sky Ad,New Cairo,7734000,28322000,14260658.878504671,85,240,170.0,1,4,2025.0,https://www.propertyhub.site/properties/projects/blue_tree?page=1,214,"7,734,000 - 28,322,000"
Blue Vert,SED,New Capital,4671000,34982000,12788886.79245283,1,277,128.4433962264151,1,3,2025.0,https://www.propertyhub.site/properties/projects/blue_vert?page=1,106,"4,671,000 - 34,982,000"
White Residence,Upwyde,New Cairo,3539250,25819200,11268050.0,45,326,142.5,0,3,2025.0,https://www.propertyhub.site/properties/projects/bnm4rf4hmcwjzjncatal?page=1,16,"3,539,250 - 25,819,200"
Board walk ( new capital ),Atric,New Capital,8890400,35664200,19488238.33333333,127,433,266.5,2,5,2025.0,https://www.propertyhub.site/properties/projects/boardwalk?page=1,6,"8,890,400 - 35,664,200"
boho,Atric,,5280500,39342500,14222623.529411765,49,322,134.2941176470588,1,4,2025.0,https://www.propertyhub.site/properties/projects/boho?page=1,17,"5,280,500 - 39,342,500"
The Brooks,PRE,New Cairo,8000000,46200000,22380000.0,99,304,205.0,2,4,2025.0,https://www.propertyhub.site/properties/projects/brooks?page=1,5,"8,000,000 - 46,200,000"
El Masrwya,Egyptian Engineers,New Cairo,13650000,15015000,14577222.222222222,175,195,190.55555555555557,3,3,2025.0,https://www.propertyhub.site/properties/projects/c0z2ukueez3x7lvkgwkk?page=1,9,"13,650,000 - 15,015,000"
West Line,Living Lines,,14500000,22000000,17966666.666666668,250,320,286.0,5,5,2025.0,https://www.propertyhub.site/properties/projects/c6o2meevo7rtpwiab43v?page=1,3,"14,500,000 - 22,000,000"
Cali Coast,Maven,North Coast,11800000,36700000,18815384.615384616,86,210,132.15384615384616,2,5,2025.0,https://www.propertyhub.site/properties/projects/cali_coast?page=1,13,"11,800,000 - 36,700,000"
Capital Heights 2,SUD,New Capital,7798850,25725692,13660716.979166666,139,404,241.1875,3,4,2025.0,https://www.propertyhub.site/properties/projects/capital_heights_2?page=1,48,"7,798,850 - 25,725,692"
carnelia,AJNA,,6016230,15877000,11131111.545454543,55,165,115.9090909090909,0,4,2025.0,https://www.propertyhub.site/properties/projects/carnelia?page=1,11,"6,016,230 - 15,877,000"
ROCK GREEN,Rock,,4985820,10398000,6241335.0,125,236,160.37142857142857,2,3,2025.0,https://www.propertyhub.site/properties/projects/casjbp99frtzzxhqwkfm?page=1,35,"4,985,820 - 10,398,000"
Castle Landmark,cred,New Capital,8217833,13980620,10285853.543209877,130,247,199.79012345679013,3,5,2025.0,https://www.propertyhub.site/properties/projects/castle_landmark?page=1,81,"8,217,833 - 13,980,620"
Catalan,Gates,New Capital,6121629,13600309,11187290.888888888,175,382,326.55555555555554,3,5,2025.0,https://www.propertyhub.site/properties/projects/catalan?page=1,9,"6,121,629 - 13,600,309"
Century City,Vantage Urban Developments,New Cairo,3800000,12600000,8789277.714285715,52,193,140.85714285714286,1,3,2025.0,https://www.propertyhub.site/properties/projects/century_city?page=1,7,"3,800,000 - 12,600,000"
city of odyssia,Al Ahly Sabbour,El Mostakbal City,8849000,46814000,25842000.0,5,303,176.66666666666666,1,5,2025.0,https://www.propertyhub.site/properties/projects/city_of_odyssia?page=1,6,"8,849,000 - 46,814,000"
River Park 2,West Way,6th Of October,12500000,17500000,15000000.0,270,345,307.5,4,4,2025.0,https://www.propertyhub.site/properties/projects/cnyp05q7ytdd6mm4nota?page=1,2,"12,500,000 - 17,500,000"
NEW KAIRO,G developments,,11700000,99000000,43480000.0,120,732,353.8,1,8,2025.0,https://www.propertyhub.site/properties/projects/co3p4bfk0hqcn3cvewpg?page=1,10,"11,700,000 - 99,000,000"
Creek Town,IL CAZAR,New Cairo,11700000,63000000,31970000.0,128,420,239.3,2,4,2025.0,https://www.propertyhub.site/properties/projects/creek_town?page=1,10,"11,700,000 - 63,000,000"
Rosevil,Sorouh,New Capital,10769600,23952800,14787060.194174755,207,272,217.6990291262136,3,4,2025.0,https://www.propertyhub.site/properties/projects/csr6endv423qcqgiwgmg?page=1,103,"10,769,600 - 23,952,800"
OGAMI,Sodic,North Coast,21465000,216512000,48659338.23529412,1,89,42.63970588235294,2,7,2025.0,https://www.propertyhub.site/properties/projects/cw7sqe7zfyu249u1twu6?page=1,136,"21,465,000 - 216,512,000"
Bahja,Symphony,Sheikh Zayed City,3900000,11525000,7020378.947368421,42,186,106.84210526315788,1,3,2025.0,https://www.propertyhub.site/properties/projects/cxicrs85unuv641l63j9?page=1,19,"3,900,000 - 11,525,000"
Retan,Cairo global construction,North Coast,4140000,8730000,6435000.0,65,140,102.5,2,4,2025.0,https://www.propertyhub.site/properties/projects/czisyz1unanlzvccanmp?page=1,4,"4,140,000 - 8,730,000"
Red G,Jadeer,New Cairo,7855313,12127500,9472312.666666666,75,110,90.0,1,2,2025.0,https://www.propertyhub.site/properties/projects/czqu4vlt12tmnd6vgf2w?page=1,3,"7,855,313 - 12,127,500"
Upove community,Contact Development,6th Of October,18170000,23270000,20183333.33333333,278,352,304.6666666666667,4,5,2025.0,https://www.propertyhub.site/properties/projects/d329yf0qshgb97hradq5?page=1,3,"18,170,000 - 23,270,000"
ONE5O,El Gabry,,16319896,24272940,19894430.0,256,312,278.0,3,4,2025.0,https://www.propertyhub.site/properties/projects/d6cf94ef595k76e28lxp?page=1,3,"16,319,896 - 24,272,940"
J.East,Juzur,New Cairo,3800000,11300000,7766666.666666667,51,168,116.5,0,3,2025.0,https://www.propertyhub.site/properties/projects/d9zwjik1a6sqetthwbw4?page=1,6,"3,800,000 - 11,300,000"
Dbay,Tatweer Misr,North Coast,13702000,60251000,33377760.0,95,280,173.6,2,5,2025.0,https://www.propertyhub.site/properties/projects/dbay?page=1,25,"13,702,000 - 60,251,000"
Sia Lagoon,ADH Holding,North Coast,3120000,5052000,4295750.0,60,90,75.0,1,2,2025.0,https://www.propertyhub.site/properties/projects/dbr78xr1rx4btxuf2n4r?page=1,4,"3,120,000 - 5,052,000"
De Joya 1,Taj Misr,New Capital,5295000,13656000,8394485.714285715,111,318,183.7142857142857,2,4,2025.0,https://www.propertyhub.site/properties/projects/dejoya_1?page=1,14,"5,295,000 - 13,656,000"
De Joya 3,Taj Misr,New Capital,7554000,14212000,9987888.888888888,156,296,212.44444444444449,3,4,2025.0,https://www.propertyhub.site/properties/projects/dejoya_3?page=1,9,"7,554,000 - 14,212,000"
Dejoya New Zayed,Taj Misr,,5772000,40000000,13201928.57142857,74,354,164.42857142857142,1,7,2025.0,https://www.propertyhub.site/properties/projects/dejoya_new_zayed?page=1,28,"5,772,000 - 40,000,000"
Nyoum Mostakbal,ADH Holding,El Mostakbal City,4347000,37170000,14711785.714285716,63,413,181.42857142857144,1,6,2025.0,https://www.propertyhub.site/properties/projects/dev35x6kn7erd20odho2?page=1,14,"4,347,000 - 37,170,000"
Rare,Al Ahly Sabbour,El Mostakbal City,25467000,29209000,27721750.0,172,199,191.5,3,3,2025.0,https://www.propertyhub.site/properties/projects/df57o83cqun5whlegk4e?page=1,4,"25,467,000 - 29,209,000"
Diar 2,Tameer,6th Of October,8474508,13261154,11649274.4,61,240,192.0,2,3,2025.0,https://www.propertyhub.site/properties/projects/diar_2?page=1,15,"8,474,508 - 13,261,154"
Direction White,Arabella,North Coast,16700000,65000000,30672500.0,130,373,209.625,2,7,2025.0,https://www.propertyhub.site/properties/projects/direction_white?page=1,8,"16,700,000 - 65,000,000"
District 5,Marakez,,11520000,42949000,20777869.56521739,74,343,150.02173913043478,1,3,2025.0,https://www.propertyhub.site/properties/projects/district_5?page=1,46,"11,520,000 - 42,949,000"
Downtown AlAmein,City Edge,North Coast,8893000,10005000,9620000.0,164,174,170.5,2,2,2025.0,https://www.propertyhub.site/properties/projects/downtown_alamein?page=1,4,"8,893,000 - 10,005,000"
O Jade,Reflect,Elobour City,2930400,6593400,5108616.0,111,222,181.33333333333331,2,3,2025.0,https://www.propertyhub.site/properties/projects/dqar6kkltdx3sw9bo9tf?page=1,6,"2,930,400 - 6,593,400"
Layana,Toledo development,North Coast,2500000,5700000,3933333.3333333335,26,84,52.333333333333336,0,2,2025.0,https://www.propertyhub.site/properties/projects/dxel5ba7qeuh24i3nt14?page=1,3,"2,500,000 - 5,700,000"
West Clay,Remal Development,6th Of October,4354000,11201750,8285190.0,70,174,143.32,0,3,2025.0,https://www.propertyhub.site/properties/projects/e120865rs9l8e2ebf4lg?page=1,50,"4,354,000 - 11,201,750"
Shamasi,Serac,North Coast,7640000,33750000,18743333.33333333,68,245,155.5,1,6,2025.0,https://www.propertyhub.site/properties/projects/e32mun70mhofdupen52y?page=1,6,"7,640,000 - 33,750,000"
Cecilia Lagoons,Ibnsina,North Coast,4950000,21130000,10447272.727272728,88,135,106.72727272727272,2,4,2025.0,https://www.propertyhub.site/properties/projects/ea0cl1aefk5ygo8xilwj?page=1,11,"4,950,000 - 21,130,000"
Eastshire,Alqamzi,New Cairo,20591000,35406000,27618600.0,166,261,232.5,3,3,2025.0,https://www.propertyhub.site/properties/projects/eastshire?page=1,10,"20,591,000 - 35,406,000"
park central,Hassan Allam,El Mostakbal City,10300000,29800000,20153636.363636363,75,275,152.72727272727272,1,3,2025.0,https://www.propertyhub.site/properties/projects/edlnmdxilh3l6blcqkm7?page=1,11,"10,300,000 - 29,800,000"
Isola Sheraton,ElMasria Group,,11160000,16870000,13830000.0,170,200,185.0,3,3,2025.0,https://www.propertyhub.site/properties/projects/ekbm8k64hvilly3l2srj?page=1,4,"11,160,000 - 16,870,000"
EKO,Mena Group,North Coast,7000000,45000000,18861111.111111112,91,350,209.55555555555557,2,5,2025.0,https://www.propertyhub.site/properties/projects/eko?page=1,9,"7,000,000 - 45,000,000"
Il mondo,RFCO,New Capital,4070000,14175000,9524619.047619049,74,245,177.0,1,4,2025.0,https://www.propertyhub.site/properties/projects/el_mondo?page=1,21,"4,070,000 - 14,175,000"
II Monte Galala,Tatweer Misr,,6448000,71319000,19147540.0,45,450,148.22,1,6,2025.0,https://www.propertyhub.site/properties/projects/el_monte_glala?page=1,100,"6,448,000 - 71,319,000"
El Patio 5 East,La Vista,Elshourok City,24400000,38400000,30575000.0,202,220,213.5,3,4,2025.0,https://www.propertyhub.site/properties/projects/el_patio_5_east?page=1,4,"24,400,000 - 38,400,000"
El Patio Casa,La Vista,Elshourok City,22800000,38200000,30500000.0,201,275,238.0,3,4,2025.0,https://www.propertyhub.site/properties/projects/el_patio_casa?page=1,2,"22,800,000 - 38,200,000"
IL Bosco New Capital,Misr Italia,New Capital,7200000,15900000,10514285.714285716,99,325,174.57142857142858,1,4,2025.0,https://www.propertyhub.site/properties/projects/elbosco?page=1,7,"7,200,000 - 15,900,000"
Sheraton Residences,Margins,El Mostakbal City,25994127,75331843,51009988.833333336,150,482,342.8333333333333,2,5,2025.0,https://www.propertyhub.site/properties/projects/enoj5vgz5uj7br67rn57?page=1,6,"25,994,127 - 75,331,843"
Entrada,Sorouh,New Capital,4017100,12313100,7061626.136363637,91,293,155.3465909090909,1,4,2025.0,https://www.propertyhub.site/properties/projects/entrada?page=1,352,"4,017,100 - 12,313,100"
Hacienda Waters,Palm Hills,North Coast,12867000,106617000,19363329.50191571,5,374,60.8544061302682,1,8,2025.0,https://www.propertyhub.site/properties/projects/er6gqn10nu8wbiun87ju?page=1,261,"12,867,000 - 106,617,000"
Ever,cred,6th Of October,13439143,20856291,16302789.346153846,146,227,182.07692307692307,2,4,2025.0,https://www.propertyhub.site/properties/projects/ever?page=1,26,"13,439,143 - 20,856,291"
Stella heights ( ALURA ),Serac,North Coast,4903978,14070302,9910095.733333332,55,161,119.26666666666668,0,3,2025.0,https://www.propertyhub.site/properties/projects/evydcvnz3rkg9nji3n6e?page=1,15,"4,903,978 - 14,070,302"
Hills of one,People And Places,,9827000,92823000,26554083.33333333,62,662,198.5625,0,5,2025.0,https://www.propertyhub.site/properties/projects/f1h8f4y65egajnqpx2x7?page=1,48,"9,827,000 - 92,823,000"
Fifth Square,Al Marasem,New Cairo,11219000,29250000,19397714.285714287,88,195,137.28571428571428,1,4,2025.0,https://www.propertyhub.site/properties/projects/fifth_square?page=1,14,"11,219,000 - 29,250,000"
North Strike,Palmier,6th Of October,8591600,19420400,14204340.0,77,304,150.8,4,4,2025.0,https://www.propertyhub.site/properties/projects/fmnlfbb52q76gvf8smoj?page=1,10,"8,591,600 - 19,420,400"
IVOIRE,PRE,Sheikh Zayed City,11501000,23856000,16038666.666666666,109,208,158.66666666666666,2,3,2025.0,https://www.propertyhub.site/properties/projects/fnq96w0914uf3zjbiwq4?page=1,3,"11,501,000 - 23,856,000"
Fouka Bay,Tatweer Misr,North Coast,13009000,23372000,15822769.23076923,80,120,107.3076923076923,1,3,2025.0,https://www.propertyhub.site/properties/projects/fouka_bay?page=1,13,"13,009,000 - 23,372,000"
AlJar,Valore,,5675800,19300000,8455685.588235294,59,193,87.18823529411765,1,3,2025.0,https://www.propertyhub.site/properties/projects/fpjv5tz30ce9hi0o6niu?page=1,170,"5,675,800 - 19,300,000"
jade park,City Edge,New Capital,8124000,57793000,18910976.076555025,119,990,302.48325358851673,1,6,2025.0,https://www.propertyhub.site/properties/projects/fyd0pdynu297jmrtbol4?page=1,209,"8,124,000 - 57,793,000"
ACASA MIA,Dar Al Alamia Development,New Cairo,7890000,17910000,12198333.333333334,115,245,171.75,2,5,2025.0,https://www.propertyhub.site/properties/projects/g22x68yd0h0penvehfkx?page=1,12,"7,890,000 - 17,910,000"
Blanks,manaj,New Cairo,6179300,14714700,8414142.857142856,48,104,63.0,0,2,2025.0,https://www.propertyhub.site/properties/projects/g3n75t3szuewv0dqu18u?page=1,7,"6,179,300 - 14,714,700"
IRA,El Gabry,6th Of October,18560000,24660000,21255000.0,268,338,302.5,4,4,2025.0,https://www.propertyhub.site/properties/projects/g3phg324lgbfz9xgaaj6?page=1,4,"18,560,000 - 24,660,000"
Scenes,Tatweer Misr,El Mostakbal City,18998000,33813000,24698619.04761905,165,210,185.23809523809524,3,4,2025.0,https://www.propertyhub.site/properties/projects/g4mvtg2x1fl5w2guselb?page=1,21,"18,998,000 - 33,813,000"
Gaia,Al Ahly Sabbour,North Coast,29700000,60468000,45084000.0,175,265,220.0,4,7,2025.0,https://www.propertyhub.site/properties/projects/gaia?page=1,2,"29,700,000 - 60,468,000"
Galleria,Arabia,New Cairo,12164496,25615963,17710052.94117647,130,200,161.58823529411765,2,3,2025.0,https://www.propertyhub.site/properties/projects/gallaria?page=1,17,"12,164,496 - 25,615,963"
Garden Lakes,Hyde Park,6th Of October,9140000,40410000,22012800.0,105,800674,38413.34,2,4,2025.0,https://www.propertyhub.site/properties/projects/garden_lakes?page=1,50,"9,140,000 - 40,410,000"
Villagio,Modon,6th Of October,5770000,21583000,11565250.0,50,255,117.0,1,5,2025.0,https://www.propertyhub.site/properties/projects/gcnu2dacezi3xyidtdfh?page=1,8,"5,770,000 - 21,583,000"
T Residence,torec,North Coast,4405906,5640501,5197197.017857143,110,133,124.01785714285714,3,3,2025.0,https://www.propertyhub.site/properties/projects/gfizau4ycy28ngzq947f?page=1,56,"4,405,906 - 5,640,501"
Beit Al Bahr,Beit Al Bahr,,21229549,123900000,39008142.42105264,125,590,245.10526315789477,2,9,2025.0,https://www.propertyhub.site/properties/projects/ghx33e1o94hh0ch6gsea?page=1,19,"21,229,549 - 123,900,000"
East Ville,AJNA,New Cairo,15538000,20973000,18354368.42105263,190,230,204.73684210526315,3,4,2025.0,https://www.propertyhub.site/properties/projects/gjxi84upke37k5enmzz9?page=1,19,"15,538,000 - 20,973,000"
Safa Gate,Damac,,2090000,3096000,2444891.304347826,1078,828995,109638.73913043478,1,2,2025.0,https://www.propertyhub.site/properties/projects/gmgfez7s0lu8swavechb?page=1,46,"2,090,000 - 3,096,000"
Moraya Residence,Edge stone development,New Capital,7654000,13286350,9900057.692307692,154,214,190.53846153846155,2,3,2025.0,https://www.propertyhub.site/properties/projects/gohotvqm0zdakz6ip149?page=1,13,"7,654,000 - 13,286,350"
Golden Heights 1,Nouva Stanza,New Cairo,57721000,97517000,83063400.0,3,7,5.2,3,5,2025.0,https://www.propertyhub.site/properties/projects/golden_heights_1?page=1,5,"57,721,000 - 97,517,000"
Golden Heights 2,Nouva Stanza,New Cairo,60313000,63888000,62365250.0,2,3,2.5,3,4,2025.0,https://www.propertyhub.site/properties/projects/golden_heights_2?page=1,4,"60,313,000 - 63,888,000"
PORTO ALAMEIN,Amer Group,North Coast,3755000,5590000,4672500.0,52,54,53.0,1,1,2025.0,https://www.propertyhub.site/properties/projects/golf_porto_marina?page=1,2,"3,755,000 - 5,590,000"
Green Avenue,New Jersey,New Capital,7740000,17640000,11570000.0,172,392,250.15384615384616,3,5,2025.0,https://www.propertyhub.site/properties/projects/green_avenue?page=1,13,"7,740,000 - 17,640,000"
Green Square,Al Ahly Sabbour,El Mostakbal City,21651000,21651000,21651000.0,265,265,265.0,4,4,2025.0,https://www.propertyhub.site/properties/projects/green_square?page=1,1,"21,651,000 - 21,651,000"
THE RESIDENCE,Salam,New Cairo,4373000,11000000,7460122.285714285,54,142,90.42857142857144,0,3,2025.0,https://www.propertyhub.site/properties/projects/grvfa71yhj9h7sqrviy3?page=1,7,"4,373,000 - 11,000,000"
Business Suites,Aljazi,New Cairo,10966311,13895649,12885978.666666666,5,5,5.0,1,1,2025.0,https://www.propertyhub.site/properties/projects/h0zkl9d6gdjyd617quw7?page=1,24,"10,966,311 - 13,895,649"
Rose Ville,Hayah Developments,,12500000,20000000,16250000.0,15,276,145.5,4,4,2025.0,https://www.propertyhub.site/properties/projects/h3m3vwja59k86hzibfh7?page=1,2,"12,500,000 - 20,000,000"
Club Town,Wadi Degla,,4982880,15438180,11396600.0,85,265,210.0,1,4,2025.0,https://www.propertyhub.site/properties/projects/h79n0jsanzx0plbyr42y?page=1,16,"4,982,880 - 15,438,180"
Hacienda Bay,Palm Hills,North Coast,90219000,136300000,113259500.0,59,59,59.0,6,6,2025.0,https://www.propertyhub.site/properties/projects/hacienda_bay?page=1,2,"90,219,000 - 136,300,000"
Hacienda West,Palm Hills,North Coast,23252880,79400850,43146224.25,2,264,106.6,1,6,2025.0,https://www.propertyhub.site/properties/projects/hacienda_west?page=1,20,"23,252,880 - 79,400,850"
HAPTOWN,Hassan Allam,El Mostakbal City,12200000,24600000,19325000.0,130,240,176.25,2,3,2025.0,https://www.propertyhub.site/properties/projects/haptown?page=1,4,"12,200,000 - 24,600,000"
CAPRII North Coast,Delta Crystals,North Coast,3300000,12900000,7267500.0,50,150,98.75,1,3,2025.0,https://www.propertyhub.site/properties/projects/hnympk8uwvzi16qys587?page=1,4,"3,300,000 - 12,900,000"
Moon Hills 4,sakan development,6th Of October,10900000,17000000,13666666.666666666,224,288,256.0,3,3,2025.0,https://www.propertyhub.site/properties/projects/hob6ceiwjrcre39tsiqf?page=1,3,"10,900,000 - 17,000,000"
ONE 33,Badr Eldin,6th Of October,5503472,23603645,12966652.696113074,63,244,156.13780918727915,1,4,2025.0,https://www.propertyhub.site/properties/projects/ht48tpatpko2kvr5cc6n?page=1,283,"5,503,472 - 23,603,645"
Noll,Kleek,,6414320,25451840,13646025.714285716,105,381,211.28571428571428,2,5,2025.0,https://www.propertyhub.site/properties/projects/hx302epo0p0vfwmx4hxw?page=1,7,"6,414,320 - 25,451,840"
New Cairo East,Better Home,,23185724,48228511,27385880.845528454,305,450,313.2113821138211,5,5,2025.0,https://www.propertyhub.site/properties/projects/hy9xftq3cn5ei3fi7dfr?page=1,123,"23,185,724 - 48,228,511"
Hyde Park,Hyde Park,New Cairo,7300000,385000000,35224838.70967742,7,514656,54450.01612903226,1,9,2025.0,https://www.propertyhub.site/properties/projects/hyde_park?page=1,62,"7,300,000 - 385,000,000"
PX,Palm Hills,6th Of October,11332000,48410000,23735739.520958085,2,92,46.84431137724551,1,6,2025.0,https://www.propertyhub.site/properties/projects/i5aa93p1euxtd3zy3i41?page=1,334,"11,332,000 - 48,410,000"
Plaza Nasr City,Cleopatra,Nasr City,14987876,19119591,16365114.333333334,261,261,261.0,3,3,2025.0,https://www.propertyhub.site/properties/projects/i908vaymr2o4fqd0ut24?page=1,3,"14,987,876 - 19,119,591"
SVN Shades,ZG Developments,,11305000,16910000,13806666.666666666,203,269,236.16666666666663,3,4,2025.0,https://www.propertyhub.site/properties/projects/iaoex324nk1adm2ynjbr?page=1,6,"11,305,000 - 16,910,000"
LONDON Northcoast,JD Holding,North Coast,1850000,5782718,3352327.727272727,45,90,60.45454545454545,0,2,2025.0,https://www.propertyhub.site/properties/projects/icbqc8rvok1dh851xy94?page=1,11,"1,850,000 - 5,782,718"
Icity New Cairo,Mountain View,New Cairo,10139052,95248803,24733699.43119266,110,565,206.19266055045875,1,6,2025.0,https://www.propertyhub.site/properties/projects/icity_new_cairo?page=1,109,"10,139,052 - 95,248,803"
Icity October,Mountain View,6th Of October,9763495,32341323,18299922.45,62,315,196.47333333333333,2,5,2025.0,https://www.propertyhub.site/properties/projects/icity_october?page=1,300,"9,763,495 - 32,341,323"
HAYAH October Residence,Jawad developments,6th Of October,4000000,7900000,6221174.777777778,105,187,151.0,2,3,2025.0,https://www.propertyhub.site/properties/projects/iefqds7cl32ro39vbodq?page=1,9,"4,000,000 - 7,900,000"
North Code,Code Developments,North Coast,2350000,5980000,4401428.571428572,42,135,82.57142857142857,1,3,2025.0,https://www.propertyhub.site/properties/projects/ifdoxvnqgi761iikrfjp?page=1,7,"2,350,000 - 5,980,000"
Suli Golf Residence,UC,New Capital,6012300,13584150,8961401.25,128,337,211.25,2,5,2025.0,https://www.propertyhub.site/properties/projects/ige2v9ijmhnk1gnlau2w?page=1,8,"6,012,300 - 13,584,150"
Solana East,ORA,New Cairo,13955000,62873000,26586641.025641024,95,221,143.76923076923077,1,4,2025.0,https://www.propertyhub.site/properties/projects/iljgpkgz9j7ogib9mg2b?page=1,39,"13,955,000 - 62,873,000"
Rio Villas,GuP,6th Of October,9000000,11440000,9405000.0,234,241,240.125,3,3,2025.0,https://www.propertyhub.site/properties/projects/iq4n8a68eknuwg8dlqhj?page=1,8,"9,000,000 - 11,440,000"
Aliva,Mountain View,El Mostakbal City,10464676,104191594,22957047.5,110,525,212.4591836734694,2,6,2025.0,https://www.propertyhub.site/properties/projects/ismxode0n41def289itp?page=1,490,"10,464,676 - 104,191,594"
De Joya 4,Taj Misr,New Capital,5766000,15158000,8392971.42857143,125,323,175.74285714285713,2,4,2025.0,https://www.propertyhub.site/properties/projects/isqqhly5eopl1hsx0gqj?page=1,35,"5,766,000 - 15,158,000"
Moon Hills 3,sakan development,6th Of October,17000000,17000000,17000000.0,378,378,378.0,3,3,2025.0,https://www.propertyhub.site/properties/projects/itjwbpwakmivhmr99m3k?page=1,1,"17,000,000 - 17,000,000"
THE BUTTERFLY,MNHD,El Mostakbal City,5518228,34044886,14845168.208196722,72,259,172.03770491803277,1,5,2025.0,https://www.propertyhub.site/properties/projects/itoe4vhhlyyfyc9cbh2j?page=1,610,"5,518,228 - 34,044,886"
Capella Residence,Winvestor Development,,3305000,5129000,4062000.0,105,159,134.5,2,3,2025.0,https://www.propertyhub.site/properties/projects/ix38l3r5crw7a0g3153e?page=1,16,"3,305,000 - 5,129,000"
RAVIE,CPD,New Capital,4445200,11406150,7653091.2,5,355,209.2,2,6,2025.0,https://www.propertyhub.site/properties/projects/ixdas9k3rs5r87n37ft7?page=1,15,"4,445,200 - 11,406,150"
Yardin,Mass Development,New Cairo,3779635,9210410,5965594.416666667,66,139,106.66666666666669,1,3,2025.0,https://www.propertyhub.site/properties/projects/iy30y8j7y28zlkx3o5eq?page=1,12,"3,779,635 - 9,210,410"
River Residence,West Way,6th Of October,4007520,7650133,5500352.0,130,230,168.0,2,3,2025.0,https://www.propertyhub.site/properties/projects/j2js7zbwhypfqq519g0c?page=1,10,"4,007,520 - 7,650,133"
JAYD,SED,New Cairo,10940000,14394000,12253437.5,14,170,90.4375,3,3,2025.0,https://www.propertyhub.site/properties/projects/jayed?page=1,16,"10,940,000 - 14,394,000"
Jefaira,Inertia,North Coast,8265000,35656000,13517238.227146814,4,253,115.90027700831024,2,4,2025.0,https://www.propertyhub.site/properties/projects/jefaira?page=1,361,"8,265,000 - 35,656,000"
TALDA,HDP,El Mostakbal City,4975921,25120589,10681377.445783133,89,295,163.90361445783134,1,5,2025.0,https://www.propertyhub.site/properties/projects/jhabt61nf6e7za8ee88c?page=1,166,"4,975,921 - 25,120,589"
Plage,Mountain View,North Coast,11467036,28102373,15807717.651226155,107,190,125.7465940054496,2,4,2025.0,https://www.propertyhub.site/properties/projects/jiht92dz0m7e7heuvgtp?page=1,367,"11,467,036 - 28,102,373"
Cala,Capital Link,,8368773,11364196,9786834.222222222,1,80,15.0,1,3,2025.0,https://www.propertyhub.site/properties/projects/jkjd9d4jxlqyzjqjj8x9?page=1,9,"8,368,773 - 11,364,196"
The City Valley,EG Master,New Capital,3304800,8434800,5683781.25,68,213,146.75,0,4,2025.0,https://www.propertyhub.site/properties/projects/jnbdr0uk0cd3z21e1b4w?page=1,8,"3,304,800 - 8,434,800"
jnoub,oud,New Capital,3900000,7820000,5217500.0,119,246,164.75,2,4,2025.0,https://www.propertyhub.site/properties/projects/jnoub?page=1,8,"3,900,000 - 7,820,000"
Joulz,Inertia,6th Of October,13508000,38856000,19135178.57142857,150,328,211.25,2,4,2025.0,https://www.propertyhub.site/properties/projects/joulz?page=1,28,"13,508,000 - 38,856,000"
June,Sodic,North Coast,19692000,231146000,41009952.84090909,3,226,66.51704545454545,1,7,2025.0,https://www.propertyhub.site/properties/projects/june?page=1,176,"19,692,000 - 231,146,000"
Jura El Galala,New Jersey,,7761000,29833160,14365573.9,78,245,127.1,2,3,2025.0,https://www.propertyhub.site/properties/projects/jura_el_galala?page=1,10,"7,761,000 - 29,833,160"
Moon Hills 5,sakan development,6th Of October,9700000,15000000,12350000.0,241,297,269.0,3,3,2025.0,https://www.propertyhub.site/properties/projects/k0p2m8saqo9cops17hh9?page=1,2,"9,700,000 - 15,000,000"
KUKUN,TLD-The Land Developers,El Mostakbal City,17460000,27640000,23775406.25,205,288,235.375,3,5,2025.0,https://www.propertyhub.site/properties/projects/k7137plzcha0h1anatuv?page=1,8,"17,460,000 - 27,640,000"
Home Residence,Home Town,,3639044,12593187,7824474.8125,39,227,135.4375,0,4,2025.0,https://www.propertyhub.site/properties/projects/k74mv9w7lxbe8jovekzt?page=1,16,"3,639,044 - 12,593,187"
Monte Napoleone,Reportage Egypt,El Mostakbal City,4590000,29250000,12910344.827586208,60,436,187.7586206896552,1,6,2025.0,https://www.propertyhub.site/properties/projects/k8biqln1nhkuixe08xge?page=1,29,"4,590,000 - 29,250,000"
katameya coast,star light,North Coast,25081000,193700000,92453250.0,175,606,367.8333333333333,2,9,2025.0,https://www.propertyhub.site/properties/projects/katameya_coast?page=1,24,"25,081,000 - 193,700,000"
katamya creeks,star light,New Cairo,29340000,131440000,61168888.88888889,161,850,373.1111111111111,2,8,2025.0,https://www.propertyhub.site/properties/projects/katamya_creeks?page=1,18,"29,340,000 - 131,440,000"
Katameya Gardens,North Africa,New Cairo,6900000,72579000,26131580.35714286,125,1057,409.8571428571428,2,7,2025.0,https://www.propertyhub.site/properties/projects/katamya_gardens?page=1,14,"6,900,000 - 72,579,000"
kayan,Badr Eldin,6th Of October,4214773,9349913,7675662.5,60,130,109.8076923076923,1,3,2025.0,https://www.propertyhub.site/properties/projects/kayan?page=1,26,"4,214,773 - 9,349,913"
keeva,Al Ahly Sabbour,6th Of October,41268000,42253000,41760500.0,265,265,265.0,5,5,2025.0,https://www.propertyhub.site/properties/projects/keeva?page=1,2,"41,268,000 - 42,253,000"
Bianca,Malvern,6th Of October,12297116,17905000,15101058.0,376,437,406.5,3,3,2025.0,https://www.propertyhub.site/properties/projects/kew3ifp0d05rayvmi3z3?page=1,2,"12,297,116 - 17,905,000"
Oro New Capital,AMG,New Capital,6353600,9362535,8163158.886666667,152,210,200.1266666666667,2,4,2025.0,https://www.propertyhub.site/properties/projects/kfcqywbk4smwvtpi84xg?page=1,150,"6,353,600 - 9,362,535"
Belong,Centrada,6th Of October,12565000,19657868,15134986.788888888,237,310,278.02222222222224,3,4,2025.0,https://www.propertyhub.site/properties/projects/kgen9c0gd9qhzgs0ddav?page=1,90,"12,565,000 - 19,657,868"
Triangle,Waterway,New Cairo,24909000,64623000,47537500.0,248,460,371.8,4,7,2025.0,https://www.propertyhub.site/properties/projects/kqwtkhnshawjklv7hw3y?page=1,10,"24,909,000 - 64,623,000"
Jirian Palm Hills,Palm Hills,,7874000,75612000,18157975.708502024,62,405,142.61133603238866,1,8,2025.0,https://www.propertyhub.site/properties/projects/ku1atqi6unuzkuepws13?page=1,494,"7,874,000 - 75,612,000"
D.O.S.E,Akam Alrajhi,North Coast,9782500,109000000,19097448.25,65,620,115.05,1,11,2025.0,https://www.propertyhub.site/properties/projects/kzuys2kykgw0ox81pz72?page=1,80,"9,782,500 - 109,000,000"
Degla Palms,Meamar Al Morshedy,6th Of October,1817100,4634100,2890357.1428571427,35,110,79.85714285714286,1,3,2025.0,https://www.propertyhub.site/properties/projects/l6oq0t0cehca91puxd63?page=1,7,"1,817,100 - 4,634,100"
La Mirada,La Mirada,El Mostakbal City,6158635,26103609,12632653.923076924,97,262,175.02564102564102,2,4,2025.0,https://www.propertyhub.site/properties/projects/la_mirada?page=1,39,"6,158,635 - 26,103,609"
La Vista 6,La Vista,,9800000,50000000,18992500.0,130,400,188.75,3,6,2025.0,https://www.propertyhub.site/properties/projects/la_vista_6?page=1,8,"9,800,000 - 50,000,000"
La Vista 7,La Vista,,9600000,44000000,17729166.666666668,120,400,188.33333333333331,2,4,2025.0,https://www.propertyhub.site/properties/projects/la_vista_7?page=1,6,"9,600,000 - 44,000,000"
La Vista Bay East,La Vista,North Coast,17500000,100000000,40584615.38461538,110,400,190.7692307692308,2,6,2025.0,https://www.propertyhub.site/properties/projects/la_vista_bay_east?page=1,13,"17,500,000 - 100,000,000"
La Vista Cascada,La Vista,North Coast,24800000,24800000,24800000.0,185,185,185.0,5,5,2025.0,https://www.propertyhub.site/properties/projects/la_vista_cascada?page=1,1,"24,800,000 - 24,800,000"
La Vista Gardens,La Vista,,11200000,18000000,15091666.666666666,130,180,153.33333333333334,3,4,2025.0,https://www.propertyhub.site/properties/projects/la_vista_gardens?page=1,12,"11,200,000 - 18,000,000"
La Vista Ras El Hikma,La Vista,North Coast,15980000,66000000,24744444.444444444,120,250,163.88888888888889,2,6,2025.0,https://www.propertyhub.site/properties/projects/la_vista_ras_el_hikma?page=1,18,"15,980,000 - 66,000,000"
La Vista Ray,La Vista,,9200000,42800000,15920357.142857144,110,220,145.35714285714286,2,3,2025.0,https://www.propertyhub.site/properties/projects/la_vista_ray?page=1,14,"9,200,000 - 42,800,000"
La Vista Topaz,La Vista,,8900000,17950000,14168750.0,140,190,161.25,2,4,2025.0,https://www.propertyhub.site/properties/projects/la_vista_topaz?page=1,8,"8,900,000 - 17,950,000"
Latin Settlement (SED),SED,North Coast,6845000,16158000,10807739.281575898,1,245,66.20509849362688,1,4,2025.0,https://www.propertyhub.site/properties/projects/latin_settlement?page=1,863,"6,845,000 - 16,158,000"
L'AVENIR,Al Ahly Sabbour,El Mostakbal City,17138000,21972000,19555000.0,220,220,220.0,3,3,2025.0,https://www.propertyhub.site/properties/projects/lavenir?page=1,2,"17,138,000 - 21,972,000"
Leaves,ELATTAL Holding,6th Of October,6315000,15103000,10987538.461538462,75,190,143.07692307692307,1,3,2025.0,https://www.propertyhub.site/properties/projects/leaves?page=1,13,"6,315,000 - 15,103,000"
JAZAL,Legacy,Sheikh Zayed City,7747100,13167124,10995275.846153846,127,199,174.30769230769232,2,4,2025.0,https://www.propertyhub.site/properties/projects/lhvcjt7veqgrqpaatudf?page=1,13,"7,747,100 - 13,167,124"
Valley View 1,Brixton,6th Of October,19500000,24000000,21750000.0,286,294,290.0,4,4,2025.0,https://www.propertyhub.site/properties/projects/ljabxuqi9mgqxdh1ylm7?page=1,2,"19,500,000 - 24,000,000"
Ayaru,GuP,6th Of October,8900000,8900000,8900000.0,333,333,333.0,4,4,2025.0,https://www.propertyhub.site/properties/projects/loiaqjjdtklp0fgj0mt6?page=1,1,"8,900,000 - 8,900,000"
Ri8,ERG,New Capital,5128396,11804006,9984309.454545457,99,227,200.63636363636363,1,4,2025.0,https://www.propertyhub.site/properties/projects/m3p6sc12lsh65fkh3481?page=1,11,"5,128,396 - 11,804,006"
THE 8 new zayed,El Gabry,6th Of October,14193300,21246628,17979976.0,253,312,277.6666666666667,4,4,2025.0,https://www.propertyhub.site/properties/projects/m57esfqyhnvcoaqbrpf6?page=1,3,"14,193,300 - 21,246,628"
Marseilia Beach 5,Marseilia,North Coast,11500000,65500000,27900000.0,90,450,205.0,2,5,2025.0,https://www.propertyhub.site/properties/projects/marseilia_beach_5?page=1,12,"11,500,000 - 65,500,000"
Masaya,EGYGAB,North Coast,8694000,93750000,22586928.466666665,61,325,138.83333333333334,1,7,2025.0,https://www.propertyhub.site/properties/projects/masaya?page=1,30,"8,694,000 - 93,750,000"
Masyaf,M Squared,North Coast,12737554,238042927,36096329.571428575,75,365,148.0952380952381,1,6,2025.0,https://www.propertyhub.site/properties/projects/masyaf?page=1,42,"12,737,554 - 238,042,927"
Mazarine apartments,City Edge,North Coast,11017000,31684000,20408416.666666668,140,405,243.0,2,4,2025.0,https://www.propertyhub.site/properties/projects/mazarine_chalets?page=1,12,"11,017,000 - 31,684,000"
Porto El Sokhna,Amer Group,,3815000,8311000,5474333.333333333,52,110,72.33333333333333,1,2,2025.0,https://www.propertyhub.site/properties/projects/md4ct1990e0phwm06vn9?page=1,3,"3,815,000 - 8,311,000"
Menorca,Mardev,New Capital,5700000,10472000,7610500.0,130,272,191.5,2,3,2025.0,https://www.propertyhub.site/properties/projects/menorca?page=1,8,"5,700,000 - 10,472,000"
Midtown Condo,Better Home,New Capital,7521417,18930206,12007424.106818182,130,300,218.54545454545453,2,3,2025.0,https://www.propertyhub.site/properties/projects/midtown_condo?page=1,440,"7,521,417 - 18,930,206"
Midtown New Cairo,Better Home,New Cairo,17695045,17695045,17695045.0,265,265,265.0,3,3,2025.0,https://www.propertyhub.site/properties/projects/midtown_new_cairo?page=1,1,"17,695,045 - 17,695,045"
Midtown Sky,Better Home,New Capital,4677596,47024790,8608808.214039125,90,350,136.11047180667433,1,3,2025.0,https://www.propertyhub.site/properties/projects/midtown_sky?page=1,869,"4,677,596 - 47,024,790"
Midtown Solo,Better Home,New Capital,58194143,98847302,76297531.8611111,400,600,496.52777777777777,5,7,2025.0,https://www.propertyhub.site/properties/projects/midtown_solo?page=1,72,"58,194,143 - 98,847,302"
ParkSide,TLD-The Land Developers,Elshourok City,6036178,7519991,6733547.0,2,138,70.0,3,3,2025.0,https://www.propertyhub.site/properties/projects/mlx3ljfauz077dnqy5o7?page=1,4,"6,036,178 - 7,519,991"
Mountain View 1.1,Mountain View,New Cairo,24248536,28212562,25811333.769230768,215,245,221.53846153846155,4,4,2025.0,https://www.propertyhub.site/properties/projects/mountain_view_11?page=1,13,"24,248,536 - 28,212,562"
Mountain View Hyde Park,Mountain View,New Cairo,14092838,30487643,24571879.777777776,4,305,66.11111111111111,2,4,2025.0,https://www.propertyhub.site/properties/projects/mountain_view_hyde_park?page=1,9,"14,092,838 - 30,487,643"
Mountain View North Coast,Mountain View,North Coast,16106054,35678732,23117487.654761903,92,170,155.67857142857142,2,3,2025.0,https://www.propertyhub.site/properties/projects/mountain_view_north_coast?page=1,84,"16,106,054 - 35,678,732"
Jirian Mountain View,Mountain View,,7755153,54075369,19005914.397260275,60,320,149.04109589041096,1,5,2025.0,https://www.propertyhub.site/properties/projects/mq6wy7ip4pze11pqwmmf?page=1,219,"7,755,153 - 54,075,369"
Murano,Wadi Degla,,12998380,29987080,16961896.42857143,125,235,177.14285714285714,3,4,2025.0,https://www.propertyhub.site/properties/projects/murano_wadi_degla?page=1,14,"12,998,380 - 29,987,080"
Sea Shell,G developments,North Coast,15200000,190000000,58446666.66666666,71,407,217.46666666666667,1,8,2025.0,https://www.propertyhub.site/properties/projects/mxj5vhe6bjm0xyo2o3c3?page=1,15,"15,200,000 - 190,000,000"
Lake West 4,Cairo Capital,Sheikh Zayed City,17381453,23523089,20773862.0,235,304,267.4,3,4,2025.0,https://www.propertyhub.site/properties/projects/mxqfo66gt64qppqj5eas?page=1,5,"17,381,453 - 23,523,089"
Westview Residence,HDP,,7599883,10596496,9071994.0,100,150,130.0,2,3,2025.0,https://www.propertyhub.site/properties/projects/mywthha16c2mhk2krw5o?page=1,4,"7,599,883 - 10,596,496"
rovan views,EPD,Sheikh Zayed City,5658000,11168699,7666122.416666667,105,164,124.83333333333331,2,3,2025.0,https://www.propertyhub.site/properties/projects/n0mp2f99ygi319yb40wi?page=1,24,"5,658,000 - 11,168,699"
The Ridge,Al Ahly Sabbour,El Mostakbal City,29034000,44863000,35614222.222222224,205,313,233.0,3,5,2025.0,https://www.propertyhub.site/properties/projects/n1exgmsbrvl7zdn8l55l?page=1,9,"29,034,000 - 44,863,000"
Ray Residence,Radix,New Capital,7847500,14361635,10264211.666666666,175,365,249.0,3,4,2025.0,https://www.propertyhub.site/properties/projects/n22upzwr23uffvubzks2?page=1,3,"7,847,500 - 14,361,635"
meraki residence,Meraki Development,Elshourok City,5980210,7974140,7497514.375,195,261,244.0,2,3,2025.0,https://www.propertyhub.site/properties/projects/n9rbn2dre0sgucelz8mm?page=1,8,"5,980,210 - 7,974,140"
Naia Bay,NAIA,North Coast,9600000,81000000,41463636.36363637,65,520,274.09090909090907,1,6,2025.0,https://www.propertyhub.site/properties/projects/naia_bay?page=1,11,"9,600,000 - 81,000,000"
Bella East,Manara Development,,5356000,11092000,8617593.75,60,120,98.125,1,3,2025.0,https://www.propertyhub.site/properties/projects/ne9uyz7yg6qsh4xdivcu?page=1,16,"5,356,000 - 11,092,000"
Neopolis,Wadi Degla,El Mostakbal City,7954160,14544280,10961498.0,130,215,167.0,2,4,2025.0,https://www.propertyhub.site/properties/projects/neoplis?page=1,15,"7,954,160 - 14,544,280"
ADVIDA,ADVA,6th Of October,19500000,29500000,25533333.33333333,360,468,432.0,4,8,2025.0,https://www.propertyhub.site/properties/projects/nffzaftlnqwc4mxacvxh?page=1,3,"19,500,000 - 29,500,000"
AMARA,New Plan,New Cairo,7109000,30287000,14577943.037974684,70,301,171.64556962025316,1,5,2025.0,https://www.propertyhub.site/properties/projects/ng8046l87dlq5pdovl71?page=1,158,"7,109,000 - 30,287,000"
Club Hills Residence,HDP,6th Of October,6556264,24415743,12325824.264,82,245,151.32,1,4,2025.0,https://www.propertyhub.site/properties/projects/nlikbzr4217qj43prd5d?page=1,125,"6,556,264 - 24,415,743"
Moray,Main Marks,New Cairo,7293000,11880000,9701666.666666666,38,66,51.66666666666666,1,1,2025.0,https://www.propertyhub.site/properties/projects/nozvroqgrwo5gy68x1sw?page=1,3,"7,293,000 - 11,880,000"
Praia View,Laverde,North Coast,4224192,15262748,8281801.75,63,167,108.25,1,4,2025.0,https://www.propertyhub.site/properties/projects/nr7ot37iorf0io72mpji?page=1,4,"4,224,192 - 15,262,748"
Palm Hills Alexandria,Palm Hills,,8964000,73666000,21441761.53846154,2,86,36.03076923076923,1,7,2023.0,https://www.propertyhub.site/properties/projects/nzq624fo62z18judu101?page=1,130,"8,964,000 - 73,666,000"
vida residence,kayan developments,6th Of October,2133000,6485000,4282055.555555556,5,190,53.61111111111112,1,4,2025.0,https://www.propertyhub.site/properties/projects/o3g5ro7ctvsry824nncd?page=1,18,"2,133,000 - 6,485,000"
heaven gardens,eagle group,Badr City,2334000,4464793,3373423.75,97,181,135.25,2,3,2025.0,https://www.propertyhub.site/properties/projects/og37qpqwejhx9zyt4i42?page=1,8,"2,334,000 - 4,464,793"
Crescent Walk,Marakez,,8464000,67098000,24950593.75,84,372,183.203125,1,7,2025.0,https://www.propertyhub.site/properties/projects/ogv1alnvno1zi0bqxk9i?page=1,64,"8,464,000 - 67,098,000"
Cloudside,Hills Developments,Sheikh Zayed City,3800000,8990000,6230000.0,79,170,129.0,1,3,2025.0,https://www.propertyhub.site/properties/projects/oh21y8lilibfn8dzym8g?page=1,3,"3,800,000 - 8,990,000"
OIA,Edge Holding,New Capital,5625000,13536000,9731758.176470589,125,222,184.4313725490196,2,3,2025.0,https://www.propertyhub.site/properties/projects/oia?page=1,153,"5,625,000 - 13,536,000"
Marina Hills Sokhna,Orbit,,7062000,12783989,10067250.2,90,180,132.4,2,3,2025.0,https://www.propertyhub.site/properties/projects/orbit?page=1,5,"7,062,000 - 12,783,989"
beta residence,Beta Egypt,6th Of October,5326400,8179200,6255866.666666667,117,176,145.0,2,3,2025.0,https://www.propertyhub.site/properties/projects/orgo9tgn2ipsu1aw60ee?page=1,6,"5,326,400 - 8,179,200"
Tabah West,ZG Developments,,18620000,18620000,18620000.0,302,302,302.0,3,3,2025.0,https://www.propertyhub.site/properties/projects/oruy5a3z6h03kpquh06y?page=1,1,"18,620,000 - 18,620,000"
O West,Orascom Development,6th Of October,6953000,99519000,19797012.34567901,77,517,162.51440329218107,1,5,2025.0,https://www.propertyhub.site/properties/projects/owest?page=1,243,"6,953,000 - 99,519,000"
Summer,Al Ahly Sabbour,North Coast,10776000,116671000,28720393.442622952,95,325,159.24590163934425,2,8,2025.0,https://www.propertyhub.site/properties/projects/oyp8xhcgc8e38xv1akqp?page=1,61,"10,776,000 - 116,671,000"
Sokhna Hills,Hegaz Development,,7940000,8700000,8390000.0,82,130,110.5,2,3,2025.0,https://www.propertyhub.site/properties/projects/p3ewu6bf4cg9mfmsaepv?page=1,4,"7,940,000 - 8,700,000"
Palace El Shorouk,Cleopatra,Elshourok City,13088703,59973451,35521388.05555555,5,185,51.44444444444444,3,6,2025.0,https://www.propertyhub.site/properties/projects/p3ogf2lav9ckh6al8d5a?page=1,18,"13,088,703 - 59,973,451"
The Estates,Sodic,,69921000,198057000,94583866.66666669,349,444,381.4666666666666,4,7,2025.0,https://www.propertyhub.site/properties/projects/p4cdp942adut4ba9jxh5?page=1,15,"69,921,000 - 198,057,000"
Palm Hills New Cairo,Palm Hills,New Cairo,9283000,80394000,18759722.68907563,5,461,117.93697478991596,1,8,2025.0,https://www.propertyhub.site/properties/projects/palm_hills_new_cairo?page=1,238,"9,283,000 - 80,394,000"
Palm Parks,Palm Hills,6th Of October,8555000,19451000,15673083.333333334,1,88,40.75,1,3,2025.0,https://www.propertyhub.site/properties/projects/palm_parks?page=1,12,"8,555,000 - 19,451,000"
Park Lane,ELATTAL Holding,New Capital,3706000,20777000,11567130.43478261,60,288,158.7391304347826,1,4,2025.0,https://www.propertyhub.site/properties/projects/park_lane?page=1,23,"3,706,000 - 20,777,000"
El Patio 7,La Vista,New Cairo,12100000,20460000,17292000.0,110,186,157.2,2,3,2025.0,https://www.propertyhub.site/properties/projects/patio_7?page=1,5,"12,100,000 - 20,460,000"
El Patio Oro,La Vista,New Cairo,13830000,28960000,19986538.46153846,128,230,182.23076923076923,2,3,2025.0,https://www.propertyhub.site/properties/projects/patio_oro?page=1,26,"13,830,000 - 28,960,000"
New Zayed West,Better Home,,23185724,38740935,28039993.63157895,305,420,329.2105263157895,5,5,2025.0,https://www.propertyhub.site/properties/projects/pdbmgkdsgfwrmqtxgsib?page=1,38,"23,185,724 - 38,740,935"
Botanica,New Generation,New Capital,5184495,13834800,7985013.75,111,427,218.04166666666663,2,4,2025.0,https://www.propertyhub.site/properties/projects/pf1o8m2e86etkdckvjkk?page=1,24,"5,184,495 - 13,834,800"
Boutique Village 2,Modon,New Cairo,5766000,14255000,10345166.666666666,70,159,122.0,1,3,2025.0,https://www.propertyhub.site/properties/projects/pi5vk6f0l7qtnfwujj5n?page=1,6,"5,766,000 - 14,255,000"
Rhodes New Capital,Plaza Gardens,New Capital,6300000,48000000,18223076.923076924,117,700,303.2307692307692,2,4,2025.0,https://www.propertyhub.site/properties/projects/plaza_gardens?page=1,13,"6,300,000 - 48,000,000"
New Park,New Park,Sheikh Zayed City,7254000,7995000,7624500.0,186,205,195.5,3,3,2025.0,https://www.propertyhub.site/properties/projects/ppqyh0aenpp8pkhov5qa?page=1,2,"7,254,000 - 7,995,000"
The Med,People And Places,North Coast,11986000,209041000,34286875.0,1,489,122.3828125,2,8,2025.0,https://www.propertyhub.site/properties/projects/prof2psv3185tlf7qw6a?page=1,128,"11,986,000 - 209,041,000"
Alamien Lagoons,Modon,North Coast,4737000,7922000,6490200.0,6,93,42.0,1,3,2025.0,https://www.propertyhub.site/properties/projects/px5agi9eeafxffkv1pz6?page=1,5,"4,737,000 - 7,922,000"
Namya west,namya development,Sheikh Zayed City,9540000,15900000,11689070.0,180,255,207.1,3,3,2025.0,https://www.propertyhub.site/properties/projects/pxxx5vqycdgqw8pxu0j4?page=1,10,"9,540,000 - 15,900,000"
Darvell Residence,White Eagle,6th Of October,2714500,7275600,4635777.2727272725,89,188,132.54545454545453,2,3,2025.0,https://www.propertyhub.site/properties/projects/pyfyy9d51p4s2ioewkyl?page=1,44,"2,714,500 - 7,275,600"
Grand Valleys,Mountain View,New Capital,29406101,41049710,34467432.858333334,250,250,250.0,4,4,2025.0,https://www.propertyhub.site/properties/projects/q44mocy6rpsi3abmhsy7?page=1,120,"29,406,101 - 41,049,710"
MIST,M Squared,New Cairo,5423571,32207727,14409193.890243905,63,200,142.8048780487805,1,4,2025.0,https://www.propertyhub.site/properties/projects/qjoz0ha1h0cbt4dmci28?page=1,82,"5,423,571 - 32,207,727"
LUGAR,Gates,,7712108,17888188,10330071.51219512,115,190,141.46341463414635,2,3,2025.0,https://www.propertyhub.site/properties/projects/qnlero4a5akxto94izy4?page=1,41,"7,712,108 - 17,888,188"
The Mornings,Al Ahly Sabbour,New Cairo,4401000,18263000,12537741.758241758,50,157,124.86813186813188,1,3,2025.0,https://www.propertyhub.site/properties/projects/qqscttxz36tgkv5z6765?page=1,182,"4,401,000 - 18,263,000"
Toya,Solasya,6th Of October,15339605,17654783,16497194.0,2,3,2.5,5,5,2025.0,https://www.propertyhub.site/properties/projects/qy1d9k8vbx2dc5xpne2e?page=1,4,"15,339,605 - 17,654,783"
464 Acre,Sodic,,8571000,77568000,27444073.529411763,1,202,60.94117647058823,1,6,2025.0,https://www.propertyhub.site/properties/projects/r7l5rbozp0j1pnimsuxq?page=1,272,"8,571,000 - 77,568,000"
SHABABEEK,marquee development,New Cairo,3200000,17220000,8359498.333333333,46,231,114.33333333333331,1,3,2025.0,https://www.propertyhub.site/properties/projects/r7l8jysq4vjphidl9xed?page=1,6,"3,200,000 - 17,220,000"
Ramatan Compound,Ramatan Developments,New Capital,6549828,9449650,7946962.0,120,190,150.0,2,3,2025.0,https://www.propertyhub.site/properties/projects/ramatan_compound?page=1,7,"6,549,828 - 9,449,650"
Rivan new capital,Altameer Arabian,New Capital,9302329,38976600,20107895.166666668,129,547,306.5,2,5,2025.0,https://www.propertyhub.site/properties/projects/rivan_new_capital?page=1,6,"9,302,329 - 38,976,600"
Rivers,Tatweer Misr,,9675000,54351000,22128521.739130437,120,350,190.5507246376812,2,6,2025.0,https://www.propertyhub.site/properties/projects/rivers?page=1,69,"9,675,000 - 54,351,000"
Riviera Heights,Nouva Stanza,New Cairo,48478000,60722000,52440200.0,5,396,317.8,3,3,2025.0,https://www.propertyhub.site/properties/projects/riviera_heights?page=1,5,"48,478,000 - 60,722,000"
Nyoum October,ADH Holding,6th Of October,4176000,55000000,17209000.0,72,744,244.28571428571428,1,7,2025.0,https://www.propertyhub.site/properties/projects/rptucxnjz0j6l56jwb8i?page=1,7,"4,176,000 - 55,000,000"
Granville,founders,New Capital,26390000,83000000,45826000.0,246,735,406.2,4,7,2025.0,https://www.propertyhub.site/properties/projects/rwidyexdr7mg0yls3m1h?page=1,5,"26,390,000 - 83,000,000"
Degla Towers,Meamar Al Morshedy,Nasr City,4895100,11510100,7561145.454545454,111,261,171.45454545454547,2,3,2025.0,https://www.propertyhub.site/properties/projects/rxmesbxygkr3f13xlmdl?page=1,11,"4,895,100 - 11,510,100"
Kite,Centrada,6th Of October,4498200,21420000,9107408.8,80,400,163.36,1,4,2025.0,https://www.propertyhub.site/properties/projects/s1pj3ja3v4g92pg3n3sm?page=1,25,"4,498,200 - 21,420,000"
RED,Cornerstone,El Mostakbal City,4488330,46580000,16640174.1875,73,370,192.9375,1,5,2025.0,https://www.propertyhub.site/properties/projects/s3qkf4vmgr6tf5val9yh?page=1,16,"4,488,330 - 46,580,000"
Lugano Ras Sudr,AOG,,1710000,1710000,1710000.0,80,80,80.0,2,2,2025.0,https://www.propertyhub.site/properties/projects/s7sja3di37vyasm39ur2?page=1,1,"1,710,000 - 1,710,000"
Salt,Tatweer Misr,North Coast,9316000,97176000,19022713.67521368,80,290,120.8974358974359,1,5,2025.0,https://www.propertyhub.site/properties/projects/salt?page=1,234,"9,316,000 - 97,176,000"
Sarai,MNHD,New Cairo,4709295,27241990,13046357.89790576,1,239,115.27225130890052,1,5,2025.0,https://www.propertyhub.site/properties/projects/sarai?page=1,764,"4,709,295 - 27,241,990"
Scenario,Akam,New Capital,7846575,29564106,11939377.36,132,554,223.4,2,5,2025.0,https://www.propertyhub.site/properties/projects/scenario?page=1,25,"7,846,575 - 29,564,106"
Scene 7,Akam,New Capital,6927632,16114375,9936709.736842103,124,230,163.94736842105263,2,4,2025.0,https://www.propertyhub.site/properties/projects/scene_7?page=1,38,"6,927,632 - 16,114,375"
Rock Eden,Rock,6th Of October,5010000,28287582,15410084.307228915,25,564,267.9759036144578,3,5,2025.0,https://www.propertyhub.site/properties/projects/sch7l0mseozx0to0tbsg?page=1,166,"5,010,000 - 28,287,582"
Notion,Town Writers,New Cairo,2652000,30000000,11381764.705882354,51,240,159.47058823529412,1,5,2025.0,https://www.propertyhub.site/properties/projects/sd4kidyccq4u6d4e5wp8?page=1,17,"2,652,000 - 30,000,000"
YOUD,Al Ahly Sabbour,North Coast,8092000,77591000,20071204.419889502,85,220,124.50276243093924,2,5,2025.0,https://www.propertyhub.site/properties/projects/sea_view?page=1,181,"8,092,000 - 77,591,000"
Seazen,Alqamzi,North Coast,15244000,120000000,28901200.0,110,475,173.27272727272728,3,7,2025.0,https://www.propertyhub.site/properties/projects/seazen?page=1,55,"15,244,000 - 120,000,000"
Serrano,New Plan,New Capital,8255000,25940000,18360625.0,117,315,217.375,3,4,2025.0,https://www.propertyhub.site/properties/projects/serrano?page=1,8,"8,255,000 - 25,940,000"
Matarma Beach,Nouva Stanza,,3784000,10944000,5446046.511627907,62,120,78.6046511627907,1,2,2025.0,https://www.propertyhub.site/properties/projects/sfvpshagkllneofqogo9?page=1,129,"3,784,000 - 10,944,000"
Silver Sands,ORA,North Coast,27035000,129920000,42384064.28571428,120,298,174.9,2,6,2025.0,https://www.propertyhub.site/properties/projects/silver_sands?page=1,140,"27,035,000 - 129,920,000"
Six West,Sodic,Sheikh Zayed City,28874720,28874720,28874720.0,158,158,158.0,2,2,2025.0,https://www.propertyhub.site/properties/projects/six_west?page=1,1,"28,874,720 - 28,874,720"
Sodic East,Sodic,,12080000,70045000,35038467.62589928,125,427,228.2661870503597,2,6,2025.0,https://www.propertyhub.site/properties/projects/sodic_east?page=1,139,"12,080,000 - 70,045,000"
Solana West,ORA,,15660000,54129000,29031609.756097563,126,239,180.14634146341464,2,7,2025.0,https://www.propertyhub.site/properties/projects/solana?page=1,41,"15,660,000 - 54,129,000"
W Signature,Waterway,New Cairo,15652000,67962000,28126230.769230768,118,483,213.0,1,4,2025.0,https://www.propertyhub.site/properties/projects/spqmn8ehmxi1aw46mb5a?page=1,13,"15,652,000 - 67,962,000"
Square October,Cleopatra,6th Of October,23479340,80664790,49790874.0625,8,92,43.0,3,6,2025.0,https://www.propertyhub.site/properties/projects/square_october?page=1,16,"23,479,340 - 80,664,790"
Stei8ht,LMD,New Cairo,52000000,104000000,74250000.0,390,615,497.875,4,4,2025.0,https://www.propertyhub.site/properties/projects/steig8ht?page=1,8,"52,000,000 - 104,000,000"
Stone Residence,PRE,New Cairo,10850000,14960000,12905000.0,140,175,157.5,2,3,2025.0,https://www.propertyhub.site/properties/projects/stone_residence?page=1,2,"10,850,000 - 14,960,000"
Oro Obour,AMG,Elobour City,14083125,23561508,18160325.222222224,302,500,368.8888888888889,3,5,2025.0,https://www.propertyhub.site/properties/projects/su4w5ybxcnr5xpte98le?page=1,9,"14,083,125 - 23,561,508"
Elaia,namya development,,2674000,27050000,10902666.666666666,52,260,156.38888888888889,1,5,2025.0,https://www.propertyhub.site/properties/projects/sulkukteac4gl8s0dbwn?page=1,18,"2,674,000 - 27,050,000"
Sun Capital,Arabia,6th Of October,7035000,27770000,14366854.222222222,104,267,175.33333333333334,2,4,2025.0,https://www.propertyhub.site/properties/projects/sun_capital?page=1,9,"7,035,000 - 27,770,000"
Swanlake Residence,Hassan Allam,New Cairo,14100000,41900000,24899090.90909091,92,275,135.0,1,3,2025.0,https://www.propertyhub.site/properties/projects/swanlake_residence?page=1,11,"14,100,000 - 41,900,000"
Solare,Misr Italia,North Coast,13076664,45105000,25008245.777777776,100,294,176.72222222222223,2,5,2025.0,https://www.propertyhub.site/properties/projects/sz67hgslgxxvcj2pt0tf?page=1,18,"13,076,664 - 45,105,000"
Qamari,New Event,New Capital,4864564,9004334,7072765.2,108,227,166.5,2,4,2025.0,https://www.propertyhub.site/properties/projects/t343sc3kgrv239kficto?page=1,10,"4,864,564 - 9,004,334"
Ever New Cairo,cred,,4565300,33420013,13885379.016129032,60,318,140.9193548387097,1,4,2025.0,https://www.propertyhub.site/properties/projects/t5oj6vfo0dg89ab07djg?page=1,62,"4,565,300 - 33,420,013"
Taj City,MNHD,New Cairo,9561725,12958667,10492559.714285716,13,31,18.142857142857142,1,3,2025.0,https://www.propertyhub.site/properties/projects/taj_city?page=1,7,"9,561,725 - 12,958,667"
TALAH,New Plan,New Capital,10681000,28151000,15501346.153846154,151,425,232.73076923076923,2,5,2025.0,https://www.propertyhub.site/properties/projects/talah_new_plan?page=1,26,"10,681,000 - 28,151,000"
Telal Elsokhna,Roya,,8874000,12556200,11392175.0,97,134,113.5,2,3,2025.0,https://www.propertyhub.site/properties/projects/talal?page=1,8,"8,874,000 - 12,556,200"
TAWNY,Hyde Park,6th Of October,26380000,47940000,33379230.769230768,208,288,249.07692307692307,4,5,2025.0,https://www.propertyhub.site/properties/projects/tawny?page=1,13,"26,380,000 - 47,940,000"
LUGANO EL GALALA,AOG,,2358000,4819500,3712125.0,40,125,85.0,0,4,2025.0,https://www.propertyhub.site/properties/projects/tdluf2slwfnxhquxdfqb?page=1,4,"2,358,000 - 4,819,500"
Riviera Beach 2,Nouva Stanza,,5016000,7000000,6433200.0,120,120,120.0,2,2,2025.0,https://www.propertyhub.site/properties/projects/tdtf8gu0i45axiok563u?page=1,5,"5,016,000 - 7,000,000"
The Capitalway,Waterway,New Capital,7343000,27242000,12513824.56140351,90,338,170.31578947368422,1,5,2025.0,https://www.propertyhub.site/properties/projects/the_capitalway?page=1,57,"7,343,000 - 27,242,000"
The City,Master Group,New Capital,7363130,11024209,9449297.333333334,154,198,172.16666666666666,3,4,2025.0,https://www.propertyhub.site/properties/projects/the_city?page=1,6,"7,363,130 - 11,024,209"
The Estates Residence,Sodic,,18629000,82812000,44660430.55555555,1,338,134.79166666666666,2,5,2025.0,https://www.propertyhub.site/properties/projects/the_estates?page=1,72,"18,629,000 - 82,812,000"
The Groove,DM Development,,7761000,38500000,16689181.818181818,70,250,157.0,1,4,2025.0,https://www.propertyhub.site/properties/projects/the_groove?page=1,11,"7,761,000 - 38,500,000"
Icon Gardens,Style Home,New Cairo,5497500,14552000,8442772.727272727,115,262,160.54545454545453,2,4,2025.0,https://www.propertyhub.site/properties/projects/the_icon_gardens?page=1,11,"5,497,500 - 14,552,000"
The Loft,Living Yard,New Capital,7885367,21656463,12197286.5,143,404,226.91666666666663,2,5,2025.0,https://www.propertyhub.site/properties/projects/the_loft?page=1,12,"7,885,367 - 21,656,463"
The Marq Gardens,The Marq,New Cairo,29300000,46800000,36260000.0,245,295,268.0,3,5,2025.0,https://www.propertyhub.site/properties/projects/the_marq?page=1,5,"29,300,000 - 46,800,000"
The Median,EGYGAB,New Cairo,5014000,23469000,11177850.0,75,231,146.95,1,4,2025.0,https://www.propertyhub.site/properties/projects/the_median?page=1,20,"5,014,000 - 23,469,000"
Sea Shore,Hyde Park,North Coast,8300000,39250000,15550980.392156864,65,121414,5896.450980392156,1,4,2025.0,https://www.propertyhub.site/properties/projects/the_shore?page=1,51,"8,300,000 - 39,250,000"
The Terrace,HDP,Sheikh Zayed City,10208830,20379840,12921116.285714284,140,250,167.14285714285714,3,4,2025.0,https://www.propertyhub.site/properties/projects/the_tarrece?page=1,14,"10,208,830 - 20,379,840"
The View Waterway,Waterway,New Cairo,22676000,68737000,30970338.23529412,142,422,202.41176470588235,2,4,2025.0,https://www.propertyhub.site/properties/projects/the_view_water_way?page=1,68,"22,676,000 - 68,737,000"
The Wonder Marq,The Marq,El Mostakbal City,13640000,84900000,31963600.0,120,525,258.6,2,7,2025.0,https://www.propertyhub.site/properties/projects/the_wonder_marq?page=1,25,"13,640,000 - 84,900,000"
Isola Centra,ElMasria Group,New Cairo,7240000,15060000,11096666.666666666,114,210,151.5,2,3,2025.0,https://www.propertyhub.site/properties/projects/tlhd6y17qtrtdf85gj4y?page=1,6,"7,240,000 - 15,060,000"
Town Gate,Smart View,New Capital,6859000,8575000,7917066.666666667,187,245,211.16666666666663,3,3,2025.0,https://www.propertyhub.site/properties/projects/town_gate?page=1,6,"6,859,000 - 8,575,000"
Trio,M Squared,New Cairo,15498336,30044440,22651811.2,7,265,149.6,2,5,2025.0,https://www.propertyhub.site/properties/projects/trio_gardens?page=1,10,"15,498,336 - 30,044,440"
Acacia,Al Rashed Developments,6th Of October,4140000,4550000,4398000.0,150,175,170.0,3,3,2025.0,https://www.propertyhub.site/properties/projects/tron19a1r8czxmgsl0hu?page=1,5,"4,140,000 - 4,550,000"
Zayed Greens 2,ZG Developments,6th Of October,18430000,18430000,18430000.0,362,362,362.0,4,4,2025.0,https://www.propertyhub.site/properties/projects/tryc1c1h0dc879shuo3l?page=1,1,"18,430,000 - 18,430,000"
Maliv,Kulture,,3257250,22545000,10207495.161290323,43,298,138.48387096774192,0,4,2025.0,https://www.propertyhub.site/properties/projects/ts769qjt6c0j50mrqhqg?page=1,62,"3,257,250 - 22,545,000"
Solimar green 1,solimar,6th Of October,12000000,12000000,12000000.0,209,209,209.0,3,3,2025.0,https://www.propertyhub.site/properties/projects/tz4poha4y4be41hglcwv?page=1,1,"12,000,000 - 12,000,000"
solimar green 5,solimar,6th Of October,7800000,10360000,8830000.0,270,300,287.5,3,3,2025.0,https://www.propertyhub.site/properties/projects/u9wc45mmhaj9lcgbddhf?page=1,4,"7,800,000 - 10,360,000"
rovan city,EPD,Sheikh Zayed City,6964000,11981000,9489422.3,150,195,173.7,3,3,2025.0,https://www.propertyhub.site/properties/projects/ueswwapkxp1yc5wvtw7s?page=1,10,"6,964,000 - 11,981,000"
Zat,Voya,6th Of October,3094864,6657140,4708890.333333333,69,128,98.0,1,3,2025.0,https://www.propertyhub.site/properties/projects/ufh824cyve6j1fshj5pg?page=1,3,"3,094,864 - 6,657,140"
Sky Line,Meamar Al Morshedy,,2864000,12134600,7589340.0,40,166,104.73333333333332,0,4,2025.0,https://www.propertyhub.site/properties/projects/ufk4gj3fzuxh7x93l4i6?page=1,15,"2,864,000 - 12,134,600"
LYV,Gates,North Coast,10235575,23370561,13845525.736842103,85,175,120.98684210526316,2,3,2025.0,https://www.propertyhub.site/properties/projects/ugxzfcuvorj2jsexxuc0?page=1,76,"10,235,575 - 23,370,561"
BAYSIDE,ELATTAL Holding,,4976000,8404000,5535250.0,75,90,76.66666666666667,1,1,2025.0,https://www.propertyhub.site/properties/projects/ul52mgjj6zza3e7ubtx9?page=1,36,"4,976,000 - 8,404,000"
KAIRO,Waterway,New Cairo,41869000,68970000,55419500.0,125,190,157.5,1,2,2025.0,https://www.propertyhub.site/properties/projects/ult3104h5u2i75kafycy?page=1,2,"41,869,000 - 68,970,000"
Chelsea,Damac,,2593000,7059000,4171625.0,6013,88663,33325.875,1,3,2025.0,https://www.propertyhub.site/properties/projects/uniclr00q3wn2w0xhvo8?page=1,8,"2,593,000 - 7,059,000"
ATLANTIS,CASTELLO,,3672500,10553373,6113757.083333333,45,213,102.41666666666669,0,3,2025.0,https://www.propertyhub.site/properties/projects/uqmqmv1l97ccsv7zoplj?page=1,12,"3,672,500 - 10,553,373"
Stella Hightes,Remco,,5000000,6500000,5750000.0,120,120,120.0,3,3,2025.0,https://www.propertyhub.site/properties/projects/uwsthtocb1l85i3bsd2l?page=1,2,"5,000,000 - 6,500,000"
Diplo east,MBG Development,New Capital,6000000,46000000,16608312.5,110,398,201.125,2,4,2025.0,https://www.propertyhub.site/properties/projects/v0iz4xo8rt828re3brlm?page=1,16,"6,000,000 - 46,000,000"
NEST New Cairo,Nawassy,,6875000,10853000,8334825.0,125,180,146.5,2,3,2025.0,https://www.propertyhub.site/properties/projects/v12dyr9ng0pcghqgy0uk?page=1,10,"6,875,000 - 10,853,000"
Sansa NorthCoast,Premier,North Coast,2310000,4940000,3335000.0,50,85,66.66666666666667,1,2,2025.0,https://www.propertyhub.site/properties/projects/v625w88eyort7dgrvx7f?page=1,9,"2,310,000 - 4,940,000"
4T1,VAI Developments,New Capital,8881322,17302467,12929203.5,57,120,85.75,1,2,2025.0,https://www.propertyhub.site/properties/projects/v6rhrxka2updk8mg2dn6?page=1,4,"8,881,322 - 17,302,467"
new sky heliopolis,Better House,,4746000,7458000,5688420.0,140,220,167.8,3,3,2025.0,https://www.propertyhub.site/properties/projects/v7pnnqsaz2kzdif806wi?page=1,10,"4,746,000 - 7,458,000"
V Level,Dunes,6th Of October,13993000,29395000,20278200.0,186,288,238.6,3,4,2025.0,https://www.propertyhub.site/properties/projects/v_levels?page=1,5,"13,993,000 - 29,395,000"
Rayhanah Avenue,Meamar Al Morshedy,,4664700,11565900,7683136.363636363,73,181,121.8181818181818,1,3,2025.0,https://www.propertyhub.site/properties/projects/veeqnciqvapvymwdknsp?page=1,11,"4,664,700 - 11,565,900"
Marsa Baghush,Marsa Baghush,North Coast,16728000,63036000,34697870.31818182,130,403,237.63636363636363,2,7,2025.0,https://www.propertyhub.site/properties/projects/vglfy7vjotnv2nd4nm3g?page=1,22,"16,728,000 - 63,036,000"
Key of Greens,Tabarak Developments,,19697826,43267820,27758151.125,168,293,211.54166666666663,3,6,2025.0,https://www.propertyhub.site/properties/projects/vhr03sx6fak088g0v0zi?page=1,24,"19,697,826 - 43,267,820"
Village West,Dorra,Sheikh Zayed City,9790000,35000000,18369948.71794872,89,270,173.7948717948718,1,6,2025.0,https://www.propertyhub.site/properties/projects/village_west?page=1,39,"9,790,000 - 35,000,000"
Villette,Sodic,New Cairo,15227000,60646000,37135370.0,81,318,190.1,1,4,2025.0,https://www.propertyhub.site/properties/projects/villette?page=1,20,"15,227,000 - 60,646,000"
Vinci New Capital,Misr Italia,New Capital,9300000,36390433,18495601.42857143,134,350,242.78571428571428,2,4,2025.0,https://www.propertyhub.site/properties/projects/vinci?page=1,14,"9,300,000 - 36,390,433"
Latin City,City Edge,North Coast,6184000,15389000,10697496.919917865,117,259,203.39425051334703,1,4,2025.0,https://www.propertyhub.site/properties/projects/vkomksk3zq8k3g75yefb?page=1,487,"6,184,000 - 15,389,000"
Makadi Heights,Orascom Development,,7165000,38760000,16484787.234042551,62,197,123.90425531914892,1,4,2025.0,https://www.propertyhub.site/properties/projects/vl2c1xjf84eqxefa1q56?page=1,94,"7,165,000 - 38,760,000"
Lake Front,Meamar Al Morshedy,6th Of October,7467500,10735000,8866316.7,142,173,153.8,2,3,2025.0,https://www.propertyhub.site/properties/projects/vp47xwaj04y5031pvfcc?page=1,10,"7,467,500 - 10,735,000"
The Valleys,Hassan Allam,El Mostakbal City,22700000,49800000,37087500.0,165,300,215.375,4,7,2025.0,https://www.propertyhub.site/properties/projects/vppwqqbn151b4gl01vol?page=1,8,"22,700,000 - 49,800,000"
STORIA DEL MARE,CASTELLO,,4140000,20700000,8057891.774193549,41,138,74.64516129032258,0,3,2025.0,https://www.propertyhub.site/properties/projects/vvfy2tgsx6n4d0mz3vgv?page=1,31,"4,140,000 - 20,700,000"
Jadie,Concrete Development,New Cairo,3656664,11000000,7224543.4,72,180,134.0,1,4,2025.0,https://www.propertyhub.site/properties/projects/vwf0gfqziuaz24vjd5yj?page=1,5,"3,656,664 - 11,000,000"
elora,Arabia,,13450000,28200000,20477500.0,174,260,220.5,3,5,2025.0,https://www.propertyhub.site/properties/projects/vyfwze4yseogbajbfit2?page=1,4,"13,450,000 - 28,200,000"
THE HARV,Dal,Sheikh Zayed City,6209480,15085825,8531723.60483871,112,224,143.00806451612902,2,3,2025.0,https://www.propertyhub.site/properties/projects/vymwg4uwn65tz3zyr4y2?page=1,124,"6,209,480 - 15,085,825"
ISOLA VILLA,ElMasria Group,6th Of October,11630000,15290333,13060066.6,269,320,294.4,4,5,2025.0,https://www.propertyhub.site/properties/projects/w50x9bnxcdolldl3gq52?page=1,5,"11,630,000 - 15,290,333"
31WEST,M Squared,6th Of October,9391200,25083333,15704090.47368421,70,175,123.55263157894736,1,3,2025.0,https://www.propertyhub.site/properties/projects/w5v5n9ejzjphmndqa8gv?page=1,76,"9,391,200 - 25,083,333"
Water Way North Coast,Waterway,North Coast,23225000,275000000,50917142.85714286,135,490,269.1224489795918,2,8,2025.0,https://www.propertyhub.site/properties/projects/water_way_north_coast?page=1,49,"23,225,000 - 275,000,000"
Talala,MNHD,,3112354,36952784,12012301.495238096,1,220,15.844257703081231,1,5,2025.0,https://www.propertyhub.site/properties/projects/wgfgnil10bqac4e5nf92?page=1,1785,"3,112,354 - 36,952,784"
VALLEY VIEW 2,Brixton,6th Of October,12017500,17100000,14139166.666666666,248,277,267.3333333333333,4,4,2025.0,https://www.propertyhub.site/properties/projects/wi8dl3oczqz91vscul1v?page=1,3,"12,017,500 - 17,100,000"
Saada Sahel,Horizon Egypt,North Coast,37114740,386143000,100641944.0,175,313,232.2,4,6,2025.0,https://www.propertyhub.site/properties/projects/wrs2zb9gj8kgt04jywig?page=1,10,"37,114,740 - 386,143,000"
city oval,Master Group,New Capital,4149391,11131662,7157574.0,93,326,191.33333333333331,2,4,2025.0,https://www.propertyhub.site/properties/projects/wujbbfdgg9ivlfambowf?page=1,3,"4,149,391 - 11,131,662"
koun,Mabany Edris,North Coast,7600000,50731192,23976047.486486487,57,286,141.75675675675674,1,7,2025.0,https://www.propertyhub.site/properties/projects/xko70hgfybvzlyt2ts1w?page=1,37,"7,600,000 - 50,731,192"
Regent's Square,AlDawlia,New Cairo,10628966,32634381,16006771.705263158,106,344,159.7263157894737,2,3,2025.0,https://www.propertyhub.site/properties/projects/xo8xlmk4r2636wyjuaol?page=1,95,"10,628,966 - 32,634,381"
ROCK YARD,Rock,,6756281,11820945,8631479.525252525,116,209,145.4747474747475,2,3,2025.0,https://www.propertyhub.site/properties/projects/y1ii4sq17xo89tvf8t58?page=1,99,"6,756,281 - 11,820,945"
Q North,Q Development,North Coast,6700000,16200000,10533333.333333334,90,200,136.66666666666666,2,4,2025.0,https://www.propertyhub.site/properties/projects/y2hhx6obfb469ybb4xd1?page=1,3,"6,700,000 - 16,200,000"
IL Bayou,TLD-The Land Developers,,9318000,23610000,17586666.666666668,112,212,170.0,2,5,2025.0,https://www.propertyhub.site/properties/projects/y52qnuet8ll4shiqk4hl?page=1,6,"9,318,000 - 23,610,000"
EELAF,ERG,New Cairo,5764484,17345234,10275531.215686277,84,230,146.47058823529412,1,4,2025.0,https://www.propertyhub.site/properties/projects/y5zs9ze9w9laph35bsuh?page=1,51,"5,764,484 - 17,345,234"
Hacienda Blue,Palm Hills,North Coast,19627000,67012000,24252495.327102803,5,278,35.06542056074766,1,7,2025.0,https://www.propertyhub.site/properties/projects/y8hd010u535c0t9lghm5?page=1,107,"19,627,000 - 67,012,000"
Nmq,Melee Developments,6th Of October,8734163,32509000,21479797.42857143,77,295,194.3265306122449,1,5,2025.0,https://www.propertyhub.site/properties/projects/y9aeu8tllrqfrady0t0a?page=1,49,"8,734,163 - 32,509,000"
Yaru,Qontrac,New Capital,5499000,18965917,9681114.1,2,227,119.4,2,3,2025.0,https://www.propertyhub.site/properties/projects/yaru_new_capital?page=1,10,"5,499,000 - 18,965,917"
Serenity,معمار الاشراف,Elobour City,3081420,6740606,5400353.714285715,120,180,165.64285714285714,2,3,2025.0,https://www.propertyhub.site/properties/projects/ylroi7fd1q6sjifgeoj4?page=1,28,"3,081,420 - 6,740,606"
Elysium,Line,Sheikh Zayed City,4165800,9287000,7465800.0,79,195,129.28571428571428,1,4,2025.0,https://www.propertyhub.site/properties/projects/yu2ggofxmpfrvtozrmep?page=1,7,"4,165,800 - 9,287,000"
Yellow,Urbnlanes,New Cairo,6542000,15715728,11475488.8,70,140,96.2,0,2,2025.0,https://www.propertyhub.site/properties/projects/yuwi2twd326rswxr3msa?page=1,5,"6,542,000 - 15,715,728"
Wanas,Master Group,North Coast,3519000,4770000,4113000.0,72,143,104.0,1,3,2025.0,https://www.propertyhub.site/properties/projects/yvzxp7olexsz9dhuktzi?page=1,3,"3,519,000 - 4,770,000"
Lora,Zaeem Holding,Badr City,1690000,4134000,3163333.333333333,65,159,121.66666666666669,1,3,2025.0,https://www.propertyhub.site/properties/projects/z5t1tqghlfnsa32pc9st?page=1,9,"1,690,000 - 4,134,000"
Zahra,Meamar Al Morshedy,North Coast,6130000,10780000,7882000.0,74,116,87.6,2,3,2025.0,https://www.propertyhub.site/properties/projects/zahra?page=1,5,"6,130,000 - 10,780,000"
LandMark,Meamar Al Morshedy,Nasr City,2528500,5640500,4035875.0,65,145,103.75,0,3,2025.0,https://www.propertyhub.site/properties/projects/zbz3objbg50uv8vmerid?page=1,8,"2,528,500 - 5,640,500"
Zed East,ORA,,9045000,33866091,20409900.524590164,59,206,126.49180327868852,0,4,2025.0,https://www.propertyhub.site/properties/projects/zed_east?page=1,61,"9,045,000 - 33,866,091"
Zed West,ORA,Sheikh Zayed City,9313000,28704000,16305029.411764706,60,197,107.70588235294116,0,3,2025.0,https://www.propertyhub.site/properties/projects/zed_west?page=1,68,"9,313,000 - 28,704,000"
Arabesque Fustat,SED,,6365000,9588000,7420163.043478261,9,156,50.08695652173913,2,3,2025.0,https://www.propertyhub.site/properties/projects/zgmlydq2z4oe45kqlm4o?page=1,92,"6,365,000 - 9,588,000"
Zizinia,Ardic,El Mostakbal City,4017000,14375000,8345000.0,103,425,246.9,1,3,2025.0,https://www.propertyhub.site/properties/projects/zizniz?page=1,10,"4,017,000 - 14,375,000"
Zoya,LMD,North Coast,11000000,200000000,58908333.333333336,66,945,308.5,1,9,2025.0,https://www.propertyhub.site/properties/projects/zoya?page=1,12,"11,000,000 - 200,000,000"
PAVIA,TAJ,Sheikh Zayed City,6658550,9447750,7752759.1,163,225,184.0,3,4,2025.0,https://www.propertyhub.site/properties/projects/zvll6hrzrjt7ax2i64b0?page=1,10,"6,658,550 - 9,447,750"
Coy,Voya,Sheikh Zayed City,2208000,4769333,3684047.5714285714,46,108,78.71428571428571,0,2,2025.0,https://www.propertyhub.site/properties/projects/zxo6f8i6ximgn9foceyg?page=1,7,"2,208,000 - 4,769,333"
